,cnt,t1,t2,hum,wind_speed,weather_code,is_holiday,is_weekend,season,year,month,day,hour
6068,1747,13.0,13.0,77.0,24.0,7.0,0.0,0.0,2.0,2015,9,14,19
4418,1492,22.5,22.5,53.0,32.0,3.0,0.0,0.0,1.0,2015,7,7,13
11155,811,11.5,11.5,82.5,15.0,7.0,0.0,0.0,0.0,2016,4,15,16
7751,840,9.0,6.0,82.0,21.0,3.0,0.0,0.0,2.0,2015,11,24,15
4819,703,17.0,17.0,70.5,8.0,7.0,0.0,0.0,1.0,2015,7,24,10
15631,1499,13.5,13.5,65.0,13.0,3.0,0.0,0.0,2.0,2016,10,21,15
4270,2543,27.0,27.0,48.0,20.0,1.0,0.0,0.0,1.0,2015,7,1,9
13487,1380,21.5,21.5,67.0,8.0,2.0,0.0,0.0,1.0,2016,7,22,11
3521,345,12.0,12.0,79.5,14.0,7.0,0.0,1.0,0.0,2015,5,31,1
7250,1079,12.0,12.0,88.0,13.0,2.0,0.0,0.0,2.0,2015,11,3,10
4423,4346,21.5,21.0,45.0,28.5,1.0,0.0,0.0,1.0,2015,7,7,18
9577,95,6.0,4.5,71.0,7.5,1.0,0.0,0.0,3.0,2016,2,9,5
4426,1150,18.0,18.0,49.0,30.0,1.0,0.0,0.0,1.0,2015,7,7,21
4374,2771,22.0,21.0,47.0,26.0,2.0,0.0,1.0,1.0,2015,7,5,17
4577,132,18.0,18.0,80.5,19.5,3.0,0.0,0.0,1.0,2015,7,14,5
3301,1097,16.5,16.5,40.5,16.0,1.0,0.0,0.0,0.0,2015,5,21,21
7565,1046,14.0,14.0,65.0,27.0,2.0,0.0,0.0,2.0,2015,11,16,13
2332,1729,12.0,12.0,58.0,30.0,2.0,0.0,1.0,0.0,2015,4,11,12
15703,1299,14.0,14.0,67.0,14.0,2.0,0.0,0.0,2.0,2016,10,24,15
2502,2873,13.0,13.0,45.5,34.0,1.0,0.0,1.0,0.0,2015,4,18,14
5981,1327,16.5,16.5,72.5,13.0,1.0,0.0,0.0,2.0,2015,9,10,20
4770,2492,20.5,20.5,58.5,19.5,2.0,0.0,0.0,1.0,2015,7,22,9
10647,386,9.0,6.0,87.0,20.0,7.0,0.0,0.0,0.0,2016,3,24,20
3940,1714,25.5,25.5,52.5,29.0,2.0,0.0,0.0,1.0,2015,6,17,15
690,502,4.0,0.0,61.0,18.5,4.0,0.0,1.0,3.0,2015,2,1,19
8127,4091,12.0,12.0,69.5,23.0,2.0,0.0,0.0,3.0,2015,12,10,8
12970,800,17.5,17.5,75.0,24.0,3.0,0.0,0.0,1.0,2016,6,30,22
6686,2486,16.0,16.0,70.0,23.0,2.0,0.0,1.0,2.0,2015,10,10,15
4330,1335,19.5,19.5,75.5,23.0,1.0,0.0,0.0,1.0,2015,7,3,21
3122,545,11.0,11.0,74.5,29.0,7.0,0.0,0.0,0.0,2015,5,14,10
1388,360,5.0,0.5,70.0,25.0,1.0,0.0,0.0,0.0,2015,3,2,22
6145,328,14.0,14.0,82.0,12.0,1.0,0.0,0.0,2.0,2015,9,18,0
6461,130,11.0,11.0,88.0,13.0,1.0,0.0,0.0,2.0,2015,10,1,5
505,216,2.0,-1.0,81.0,10.0,1.0,0.0,1.0,3.0,2015,1,25,2
17379,1316,5.5,3.0,73.5,11.0,2.0,1.0,0.0,3.0,2017,1,2,13
12070,2466,17.0,17.0,52.5,16.0,2.0,0.0,0.0,0.0,2016,5,23,19
15673,744,9.5,8.0,79.0,10.0,2.0,0.0,1.0,2.0,2016,10,23,9
13381,238,20.0,20.0,80.5,10.0,1.0,0.0,0.0,1.0,2016,7,18,1
14449,1515,21.0,21.0,69.0,23.0,2.0,0.0,0.0,1.0,2016,8,31,20
14540,58,21.0,21.0,88.0,13.0,3.0,0.0,0.0,2.0,2016,9,6,4
14324,2247,26.5,26.0,31.5,14.0,1.0,0.0,0.0,1.0,2016,8,26,15
3534,1042,16.0,16.0,77.5,25.5,3.0,0.0,1.0,0.0,2015,5,31,14
1103,109,6.0,2.5,81.0,19.5,3.0,0.0,0.0,3.0,2015,2,19,1
4998,1188,18.0,18.0,49.0,11.0,1.0,0.0,0.0,1.0,2015,7,31,21
12211,2900,18.0,18.0,68.0,18.5,3.0,0.0,1.0,0.0,2016,5,29,16
2659,186,12.0,12.0,91.0,16.0,7.0,0.0,1.0,0.0,2015,4,25,3
13115,780,18.0,18.0,64.0,14.0,1.0,0.0,0.0,1.0,2016,7,6,23
12662,1264,16.5,16.5,72.5,14.0,3.0,0.0,0.0,1.0,2016,6,17,11
2033,341,10.0,7.0,76.0,30.0,2.0,0.0,1.0,0.0,2015,3,29,20
11331,200,7.0,5.0,76.0,12.0,7.0,0.0,1.0,0.0,2016,4,23,0
14019,3178,24.0,24.0,45.5,17.0,1.0,0.0,1.0,1.0,2016,8,13,19
9055,31,4.0,1.0,81.0,14.0,2.0,0.0,0.0,3.0,2016,1,18,4
6749,702,9.0,7.0,82.0,13.0,2.0,0.0,0.0,2.0,2015,10,13,6
11317,1083,10.5,9.0,71.5,25.0,3.0,0.0,0.0,0.0,2016,4,22,10
509,83,2.0,-2.0,87.0,13.0,1.0,0.0,1.0,3.0,2015,1,25,6
3300,1640,17.5,17.5,38.0,19.5,1.0,0.0,0.0,0.0,2015,5,21,20
388,80,-0.5,-0.5,93.0,4.0,2.0,0.0,0.0,3.0,2015,1,20,5
6578,57,16.0,16.0,94.0,8.0,3.0,0.0,0.0,2.0,2015,10,6,2
11401,351,4.0,1.5,87.0,10.0,2.0,0.0,0.0,0.0,2016,4,25,22
7518,303,11.0,11.0,88.0,17.0,7.0,0.0,1.0,2.0,2015,11,14,14
2060,215,12.5,12.5,85.0,40.0,3.0,0.0,0.0,0.0,2015,3,30,23
3129,851,10.0,7.0,88.0,21.0,7.0,0.0,0.0,0.0,2015,5,14,17
9966,721,4.0,1.0,75.0,11.0,2.0,0.0,0.0,3.0,2016,2,25,11
10306,975,9.0,8.0,71.0,8.0,3.0,0.0,0.0,0.0,2016,3,10,15
16035,445,8.5,5.5,68.5,19.0,3.0,0.0,0.0,2.0,2016,11,7,12
11123,4358,11.5,11.5,67.5,7.0,1.0,0.0,0.0,0.0,2016,4,14,8
17025,636,8.0,6.5,87.0,8.0,4.0,0.0,1.0,3.0,2016,12,18,19
15738,134,10.5,10.5,94.0,0.0,3.0,0.0,0.0,2.0,2016,10,26,2
5372,2221,20.5,20.5,51.0,3.0,1.0,0.0,1.0,1.0,2015,8,16,11
12606,81,14.0,14.0,82.0,12.0,1.0,0.0,0.0,1.0,2016,6,15,3
8851,854,11.0,11.0,77.0,26.0,7.0,0.0,1.0,3.0,2016,1,9,16
400,2683,4.0,1.0,78.0,12.0,1.0,0.0,0.0,3.0,2015,1,20,17
2935,946,14.5,14.5,67.5,30.5,2.0,0.0,0.0,0.0,2015,5,6,15
1419,97,4.0,0.0,81.0,19.5,1.0,0.0,0.0,0.0,2015,3,4,5
873,773,6.0,3.5,81.0,11.0,3.0,0.0,0.0,3.0,2015,2,9,10
10132,2000,5.5,1.5,68.0,19.5,2.0,0.0,0.0,0.0,2016,3,3,9
16949,1228,11.0,11.0,85.0,12.0,4.0,0.0,0.0,3.0,2016,12,15,15
16667,462,5.0,2.5,81.0,10.0,1.0,0.0,1.0,3.0,2016,12,3,21
15278,764,12.5,12.5,65.0,10.0,7.0,0.0,0.0,2.0,2016,10,6,22
3557,1204,12.0,12.0,72.0,26.0,7.0,0.0,0.0,1.0,2015,6,1,13
13539,3607,24.0,24.0,54.0,21.0,3.0,0.0,1.0,1.0,2016,7,24,15
4834,160,14.0,14.0,88.0,15.0,7.0,0.0,1.0,1.0,2015,7,25,1
3027,2061,16.5,16.5,57.5,18.0,2.0,0.0,1.0,0.0,2015,5,10,11
12796,62,19.0,19.0,94.0,6.5,7.0,0.0,0.0,1.0,2016,6,23,1
4412,2589,19.0,19.0,66.0,16.0,1.0,0.0,0.0,1.0,2015,7,7,7
11815,61,12.0,12.0,88.0,13.0,4.0,0.0,0.0,0.0,2016,5,13,4
3341,924,13.5,13.5,75.5,21.0,7.0,0.0,1.0,0.0,2015,5,23,13
2110,61,7.0,4.0,93.0,17.5,7.0,0.0,0.0,0.0,2015,4,2,5
9917,827,7.0,4.0,71.0,17.0,2.0,0.0,0.0,3.0,2016,2,23,10
3347,1616,14.0,14.0,61.0,16.0,1.0,0.0,1.0,0.0,2015,5,23,19
11905,683,14.0,14.0,59.0,6.0,1.0,0.0,0.0,0.0,2016,5,16,22
5857,1994,16.0,16.0,52.0,14.0,4.0,0.0,1.0,2.0,2015,9,5,16
6055,574,13.0,13.0,94.0,10.0,7.0,0.0,0.0,2.0,2015,9,14,6
14392,1949,20.0,20.0,64.0,10.0,2.0,1.0,0.0,1.0,2016,8,29,11
4640,1800,20.0,20.0,64.0,29.5,1.0,0.0,0.0,1.0,2015,7,16,20
7594,2713,16.0,16.0,68.0,37.0,3.0,0.0,0.0,2.0,2015,11,17,18
15571,44,11.0,11.0,72.0,20.5,1.0,0.0,0.0,2.0,2016,10,19,3
3420,1637,16.5,16.5,55.5,18.0,1.0,0.0,0.0,0.0,2015,5,26,20
15105,4152,19.0,19.0,46.0,26.0,2.0,0.0,0.0,2.0,2016,9,29,17
1367,49,5.0,1.0,78.5,19.0,1.0,0.0,0.0,0.0,2015,3,2,1
10345,103,5.0,5.0,93.0,2.0,3.0,0.0,1.0,0.0,2016,3,12,6
12737,889,20.0,20.0,78.0,20.0,3.0,0.0,0.0,1.0,2016,6,20,14
16106,872,10.5,9.0,74.0,19.5,2.0,0.0,0.0,2.0,2016,11,10,11
12013,1493,16.0,16.0,72.0,25.0,3.0,0.0,1.0,0.0,2016,5,21,10
2425,2200,18.5,18.5,50.5,12.0,1.0,0.0,0.0,0.0,2015,4,15,9
10416,103,3.0,2.5,90.0,5.0,4.0,0.0,0.0,0.0,2016,3,15,5
15612,1123,11.5,11.5,79.5,13.0,2.0,0.0,0.0,2.0,2016,10,20,20
5702,112,16.0,16.0,88.0,5.0,7.0,0.0,1.0,1.0,2015,8,30,5
14013,3437,22.0,22.0,61.0,20.0,4.0,0.0,1.0,1.0,2016,8,13,13
6459,65,12.0,12.0,82.0,6.5,1.0,0.0,0.0,2.0,2015,10,1,3
12465,793,13.0,13.0,85.0,9.0,3.0,0.0,0.0,1.0,2016,6,9,6
17287,1141,5.0,4.5,87.0,4.0,1.0,0.0,0.0,3.0,2016,12,29,17
13670,210,18.0,18.0,80.5,11.0,4.0,0.0,1.0,1.0,2016,7,30,4
15868,1588,16.5,16.5,70.0,9.0,1.0,0.0,0.0,2.0,2016,10,31,13
12529,882,18.0,18.0,80.5,5.0,7.0,0.0,1.0,1.0,2016,6,11,22
7598,633,12.0,12.0,77.0,20.5,2.0,0.0,0.0,2.0,2015,11,18,6
3763,700,11.0,11.0,67.0,21.0,3.0,0.0,0.0,1.0,2015,6,10,6
17072,2299,6.0,3.5,81.0,13.0,1.0,0.0,0.0,3.0,2016,12,20,18
3450,82,13.0,13.0,65.0,26.0,3.0,0.0,0.0,0.0,2015,5,28,2
8838,119,9.0,6.5,82.0,16.0,7.0,0.0,1.0,3.0,2016,1,9,3
6920,1437,15.0,15.0,55.0,13.0,2.0,0.0,0.0,2.0,2015,10,20,15
3847,2324,19.0,19.0,64.0,16.0,4.0,0.0,1.0,1.0,2015,6,13,18
5237,1689,20.5,20.5,75.5,17.0,2.0,0.0,0.0,1.0,2015,8,10,20
15485,2429,16.0,16.0,68.0,13.0,3.0,0.0,1.0,2.0,2016,10,15,13
14280,2922,29.0,29.5,49.0,13.0,1.0,0.0,0.0,1.0,2016,8,24,19
3814,2489,18.0,18.0,68.0,19.0,1.0,0.0,0.0,1.0,2015,6,12,9
2612,38,8.5,5.5,79.0,18.0,4.0,0.0,0.0,0.0,2015,4,23,4
2989,652,14.0,14.0,82.0,17.0,7.0,0.0,0.0,0.0,2015,5,8,21
10772,1540,13.0,13.0,44.0,20.5,2.0,0.0,0.0,0.0,2016,3,30,16
5833,1970,16.0,16.0,55.0,16.0,3.0,0.0,0.0,2.0,2015,9,4,16
9487,46,11.0,11.0,74.5,16.0,4.0,0.0,0.0,3.0,2016,2,5,4
14457,64,16.0,16.0,77.0,12.0,2.0,0.0,0.0,2.0,2016,9,1,4
8616,153,11.0,11.0,85.0,18.0,7.0,0.0,0.0,3.0,2015,12,30,21
9154,1594,7.0,4.5,73.5,14.0,3.0,0.0,0.0,3.0,2016,1,22,7
9000,479,4.0,0.0,70.0,18.0,1.0,0.0,0.0,3.0,2016,1,15,21
1243,605,6.5,3.0,68.5,20.5,2.0,0.0,0.0,3.0,2015,2,24,21
7630,473,11.5,11.5,91.0,17.0,7.0,0.0,0.0,2.0,2015,11,19,14
11990,1209,17.0,17.0,56.0,25.0,2.0,0.0,0.0,0.0,2016,5,20,11
4024,276,15.5,15.5,82.5,18.5,3.0,0.0,1.0,1.0,2015,6,21,3
9658,914,5.5,2.0,78.5,18.0,3.0,0.0,0.0,3.0,2016,2,12,14
12628,190,14.0,14.0,82.0,8.0,3.0,0.0,0.0,1.0,2016,6,16,1
2098,2501,10.0,6.5,60.0,30.5,2.0,0.0,0.0,0.0,2015,4,1,17
3956,2392,15.0,15.0,63.0,20.0,2.0,0.0,0.0,1.0,2015,6,18,7
9796,3380,4.0,1.0,87.0,14.0,3.0,0.0,0.0,3.0,2016,2,18,8
5735,631,16.0,16.0,88.0,10.0,7.0,1.0,0.0,1.0,2015,8,31,14
13461,2528,19.0,19.0,70.5,9.0,2.0,0.0,0.0,1.0,2016,7,21,9
309,386,2.5,-1.5,72.5,15.0,1.0,0.0,0.0,3.0,2015,1,16,22
2572,1415,16.0,16.0,40.5,13.0,1.0,0.0,0.0,0.0,2015,4,21,12
16327,1114,6.0,3.0,81.0,14.0,1.0,0.0,1.0,2.0,2016,11,19,17
11056,1073,14.0,14.0,67.0,15.0,2.0,0.0,0.0,0.0,2016,4,11,13
2157,91,9.0,6.5,93.5,15.0,7.0,0.0,1.0,0.0,2015,4,4,4
17233,821,5.5,3.0,76.0,10.0,1.0,1.0,0.0,3.0,2016,12,27,11
17040,983,7.0,7.0,87.0,4.0,7.0,0.0,0.0,3.0,2016,12,19,10
10532,253,6.0,3.0,76.0,15.0,4.0,0.0,1.0,0.0,2016,3,20,1
2052,1044,11.5,11.5,42.5,28.5,2.0,0.0,0.0,0.0,2015,3,30,15
14052,72,15.0,15.0,82.0,5.0,1.0,0.0,0.0,1.0,2016,8,15,4
8250,737,12.0,12.0,88.0,13.0,7.0,0.0,0.0,3.0,2015,12,15,15
680,411,4.5,-0.5,65.5,31.0,4.0,0.0,1.0,3.0,2015,2,1,9
14041,3982,22.0,21.0,42.5,9.0,1.0,0.0,1.0,1.0,2016,8,14,17
11219,4163,8.0,5.0,66.0,18.0,1.0,0.0,0.0,0.0,2016,4,18,8
2251,54,10.0,9.5,82.0,6.5,1.0,0.0,0.0,0.0,2015,4,8,3
13807,1015,19.0,19.0,64.0,20.5,1.0,0.0,0.0,1.0,2016,8,4,22
10034,124,4.0,0.0,75.0,18.0,3.0,0.0,1.0,3.0,2016,2,28,7
11199,2518,9.0,7.0,48.0,12.0,3.0,0.0,1.0,0.0,2016,4,17,12
14330,1199,22.5,22.0,47.0,9.0,1.0,0.0,0.0,1.0,2016,8,26,21
16079,1619,8.0,6.0,93.0,11.0,7.0,0.0,0.0,2.0,2016,11,9,8
5392,2120,14.0,14.0,74.5,3.0,1.0,0.0,0.0,1.0,2015,8,17,7
15454,649,9.5,9.0,84.5,6.0,2.0,0.0,0.0,2.0,2016,10,14,6
893,552,4.5,4.5,90.0,2.0,4.0,0.0,0.0,3.0,2015,2,10,6
13108,2644,21.0,21.0,41.5,11.0,1.0,0.0,0.0,1.0,2016,7,6,16
2463,395,10.0,7.0,67.0,20.0,1.0,0.0,0.0,0.0,2015,4,16,23
8492,1680,14.0,14.0,82.0,25.0,7.0,1.0,0.0,3.0,2015,12,25,17
1691,774,7.0,4.0,76.0,17.0,7.0,0.0,1.0,0.0,2015,3,15,13
9696,51,4.0,2.0,87.0,7.0,7.0,0.0,1.0,3.0,2016,2,14,4
4435,716,15.5,15.5,79.5,26.0,7.0,0.0,0.0,1.0,2015,7,8,6
6892,922,13.5,13.5,79.5,10.0,3.0,0.0,0.0,2.0,2015,10,19,11
7997,567,12.0,12.0,72.0,28.5,2.0,0.0,0.0,3.0,2015,12,4,22
5014,3867,20.5,20.5,40.5,16.0,1.0,0.0,1.0,1.0,2015,8,1,13
7088,1990,16.5,16.5,72.5,12.0,1.0,0.0,0.0,2.0,2015,10,27,16
1613,2136,7.5,6.0,73.5,8.0,1.0,0.0,0.0,0.0,2015,3,12,7
7912,1919,14.0,14.0,79.5,26.0,7.0,0.0,0.0,3.0,2015,12,1,9
907,861,6.0,4.0,76.0,9.0,3.0,0.0,0.0,3.0,2015,2,10,20
8079,3002,14.0,14.0,82.0,18.5,7.0,0.0,0.0,3.0,2015,12,8,8
6509,101,11.0,11.0,88.0,5.0,3.0,0.0,1.0,2.0,2015,10,3,5
1030,134,3.0,0.5,100.0,8.0,26.0,0.0,0.0,3.0,2015,2,16,0
13295,1407,18.0,18.0,54.0,17.0,2.0,0.0,0.0,1.0,2016,7,14,11
10950,75,6.0,2.0,76.0,24.0,1.0,0.0,0.0,0.0,2016,4,7,2
7226,961,11.0,11.0,97.0,9.0,4.0,0.0,0.0,2.0,2015,11,2,10
863,122,3.0,-1.0,87.0,16.5,2.0,0.0,0.0,3.0,2015,2,9,0
10753,410,8.0,4.5,82.0,22.0,2.0,0.0,0.0,0.0,2016,3,29,21
1435,607,7.0,5.0,66.0,13.0,1.0,0.0,0.0,0.0,2015,3,4,21
15445,880,12.0,12.0,69.5,19.5,4.0,0.0,0.0,2.0,2016,10,13,21
16433,49,11.0,11.0,82.0,25.0,4.0,0.0,0.0,2.0,2016,11,24,3
10267,108,8.0,5.0,93.0,17.5,7.0,0.0,0.0,0.0,2016,3,9,0
6442,1212,15.0,15.0,70.0,25.0,2.0,0.0,0.0,2.0,2015,9,30,10
12627,302,14.0,14.0,82.0,11.0,1.0,0.0,0.0,1.0,2016,6,16,0
5114,3953,21.0,21.0,51.5,12.0,7.0,0.0,0.0,1.0,2015,8,5,17
15636,965,11.5,11.5,79.5,9.0,2.0,0.0,0.0,2.0,2016,10,21,20
295,3546,7.0,4.5,61.0,15.0,3.0,0.0,0.0,3.0,2015,1,16,8
2633,153,8.0,7.5,87.0,5.5,1.0,0.0,0.0,0.0,2015,4,24,1
15888,2269,10.0,9.0,100.0,9.0,3.0,0.0,0.0,2.0,2016,11,1,9
11557,956,13.5,13.5,79.5,16.0,3.0,1.0,0.0,0.0,2016,5,2,10
7900,518,13.0,13.0,88.0,27.0,7.0,0.0,0.0,2.0,2015,11,30,21
17271,79,2.5,0.5,93.0,6.5,1.0,0.0,0.0,3.0,2016,12,29,1
5345,538,16.0,16.0,74.5,17.0,3.0,0.0,1.0,1.0,2015,8,15,8
11802,1712,23.0,23.0,48.5,23.0,1.0,0.0,0.0,0.0,2016,5,12,15
4371,2550,21.5,21.5,55.0,12.0,2.0,0.0,1.0,1.0,2015,7,5,14
7530,297,16.0,16.0,72.0,43.0,3.0,0.0,1.0,2.0,2015,11,15,2
8516,549,14.0,14.0,72.0,31.5,3.0,0.0,1.0,3.0,2015,12,26,17
10769,1178,12.5,12.5,47.0,23.0,2.0,0.0,0.0,0.0,2016,3,30,13
13015,1716,17.0,17.0,64.0,25.0,3.0,0.0,1.0,1.0,2016,7,2,19
9887,28,11.0,11.0,94.0,22.0,7.0,0.0,0.0,3.0,2016,2,22,4
14072,135,15.0,15.0,82.0,9.0,1.0,0.0,0.0,1.0,2016,8,16,1
3152,2185,16.0,16.0,50.0,12.0,2.0,0.0,0.0,0.0,2015,5,15,16
16992,1026,7.0,5.5,96.5,8.0,4.0,0.0,1.0,3.0,2016,12,17,10
13485,2302,20.5,20.5,71.0,11.0,2.0,0.0,0.0,1.0,2016,7,22,9
4582,1123,19.0,19.0,75.5,16.0,3.0,0.0,0.0,1.0,2015,7,14,10
2448,4211,11.0,11.0,77.0,19.0,2.0,0.0,0.0,0.0,2015,4,16,8
511,226,3.0,-0.5,81.0,15.0,1.0,0.0,1.0,3.0,2015,1,25,8
4064,2356,17.0,17.0,52.0,29.5,2.0,0.0,0.0,1.0,2015,6,22,19
8852,285,10.5,9.0,85.0,24.0,7.0,0.0,1.0,3.0,2016,1,9,17
11283,186,8.0,5.5,84.5,14.0,2.0,0.0,0.0,0.0,2016,4,21,0
8093,564,9.0,6.0,71.0,19.0,1.0,0.0,0.0,3.0,2015,12,8,22
2231,1567,6.0,6.0,84.0,2.0,1.0,0.0,0.0,0.0,2015,4,7,7
1965,339,8.0,4.0,62.0,24.0,1.0,0.0,0.0,0.0,2015,3,26,23
4228,1757,24.5,24.0,39.0,16.0,1.0,0.0,0.0,1.0,2015,6,29,15
9702,849,5.5,1.5,73.5,21.0,2.0,0.0,1.0,3.0,2016,2,14,10
16933,472,7.0,5.5,93.0,10.0,1.0,0.0,0.0,3.0,2016,12,14,23
15296,2316,15.0,15.0,72.0,13.0,4.0,0.0,0.0,2.0,2016,10,7,16
1601,1621,11.0,11.0,72.0,6.5,1.0,0.0,0.0,0.0,2015,3,11,19
14816,2422,16.0,16.0,83.0,20.5,4.0,0.0,1.0,2.0,2016,9,17,16
4523,1182,20.0,20.0,53.0,19.5,1.0,0.0,1.0,1.0,2015,7,11,22
4607,1085,19.0,19.0,85.5,17.0,7.0,0.0,0.0,1.0,2015,7,15,11
8279,1033,14.0,14.0,85.0,12.0,3.0,0.0,0.0,3.0,2015,12,16,20
11712,1227,17.5,17.5,62.0,12.0,1.0,0.0,1.0,0.0,2016,5,8,21
9736,752,4.0,1.5,81.0,10.0,2.0,0.0,0.0,3.0,2016,2,15,20
16289,62,6.0,2.0,76.0,23.0,1.0,0.0,0.0,2.0,2016,11,18,3
3238,736,9.0,5.5,71.0,27.0,2.0,0.0,0.0,0.0,2015,5,19,6
15310,159,13.0,13.0,88.0,6.5,3.0,0.0,1.0,2.0,2016,10,8,6
5283,4122,21.0,21.0,57.0,23.0,1.0,0.0,0.0,1.0,2015,8,12,18
10821,3015,11.0,11.0,50.5,22.0,2.0,0.0,0.0,0.0,2016,4,1,17
13661,2394,20.5,20.5,66.5,19.5,2.0,0.0,0.0,1.0,2016,7,29,19
13649,2037,18.0,18.0,78.0,19.5,3.0,0.0,0.0,1.0,2016,7,29,7
2047,782,9.5,6.0,52.0,29.0,2.0,0.0,0.0,0.0,2015,3,30,10
13366,1631,23.5,23.5,67.0,19.0,2.0,0.0,1.0,1.0,2016,7,17,10
7615,422,14.0,14.0,61.0,32.0,2.0,0.0,0.0,2.0,2015,11,18,23
279,1249,8.0,4.0,53.0,29.0,2.0,0.0,0.0,3.0,2015,1,15,16
9393,512,12.5,12.5,65.0,29.5,3.0,0.0,0.0,3.0,2016,2,1,6
12072,915,15.0,15.0,70.5,15.0,2.0,0.0,0.0,0.0,2016,5,23,21
5388,69,15.5,15.5,74.5,5.5,1.0,0.0,0.0,1.0,2015,8,17,3
12083,4935,12.0,12.0,67.0,15.0,1.0,0.0,0.0,0.0,2016,5,24,8
5430,1031,18.0,18.0,64.0,11.0,1.0,0.0,0.0,1.0,2015,8,18,21
512,529,3.5,0.5,78.0,13.0,3.0,0.0,1.0,3.0,2015,1,25,9
4246,2496,23.5,22.5,40.0,11.0,1.0,0.0,0.0,1.0,2015,6,30,9
2758,621,8.0,5.5,79.0,14.0,7.0,0.0,0.0,0.0,2015,4,29,6
11322,777,10.5,9.0,77.0,23.0,7.0,0.0,0.0,0.0,2016,4,22,15
9871,1337,14.0,14.0,77.0,30.5,3.0,0.0,1.0,3.0,2016,2,21,12
5660,1375,19.5,19.5,50.5,20.5,2.0,0.0,0.0,1.0,2015,8,28,11
6974,826,13.0,13.0,63.0,7.5,4.0,0.0,0.0,2.0,2015,10,22,21
15422,615,11.0,11.0,88.0,13.0,7.0,0.0,0.0,2.0,2016,10,12,22
10221,20,3.0,0.0,78.0,12.0,2.0,0.0,0.0,0.0,2016,3,7,2
13476,480,19.5,19.5,78.0,8.0,4.0,0.0,0.0,1.0,2016,7,22,0
10603,143,8.0,7.0,76.0,6.5,4.0,0.0,0.0,0.0,2016,3,23,0
12940,1725,16.0,16.0,83.0,25.0,3.0,0.0,0.0,1.0,2016,6,29,16
8607,1114,13.5,13.5,55.0,29.0,1.0,0.0,0.0,3.0,2015,12,30,12
14853,159,17.0,17.0,73.0,6.5,4.0,0.0,0.0,2.0,2016,9,19,5
15554,1020,13.0,13.0,74.5,27.0,7.0,0.0,0.0,2.0,2016,10,18,10
12762,1752,20.5,20.5,58.5,20.5,3.0,0.0,0.0,1.0,2016,6,21,15
2928,3911,11.5,11.5,72.0,29.0,2.0,0.0,0.0,0.0,2015,5,6,8
9273,530,13.0,13.0,82.0,31.0,7.0,0.0,0.0,3.0,2016,1,27,6
15222,1481,17.0,17.0,68.0,30.5,2.0,0.0,0.0,2.0,2016,10,4,14
14826,364,15.5,15.5,91.0,9.0,3.0,0.0,1.0,2.0,2016,9,18,2
10696,626,8.5,4.5,73.5,30.5,2.0,0.0,1.0,0.0,2016,3,27,12
14880,4934,16.0,16.0,83.0,8.0,3.0,0.0,0.0,2.0,2016,9,20,8
2064,1635,11.0,11.0,58.0,48.0,3.0,0.0,0.0,0.0,2015,3,31,7
10219,100,4.0,1.5,70.0,10.0,1.0,0.0,0.0,0.0,2016,3,7,0
4297,1510,24.0,24.0,61.0,6.5,2.0,0.0,0.0,1.0,2015,7,2,12
5968,2349,13.5,13.5,88.0,2.0,1.0,0.0,0.0,2.0,2015,9,10,7
11404,65,5.0,2.0,78.5,16.0,1.0,0.0,0.0,0.0,2016,4,26,1
6525,598,13.0,13.0,77.0,7.0,3.0,0.0,1.0,2.0,2015,10,3,21
13413,2549,24.5,24.5,65.0,11.0,1.0,0.0,0.0,1.0,2016,7,19,9
17387,233,2.5,-0.5,78.0,11.0,1.0,1.0,0.0,3.0,2017,1,2,21
15564,1226,11.0,11.0,58.0,29.5,1.0,0.0,0.0,2.0,2016,10,18,20
16248,1096,13.5,13.5,69.5,26.0,2.0,0.0,0.0,2.0,2016,11,16,10
3851,927,18.0,18.0,68.0,8.0,4.0,0.0,1.0,1.0,2015,6,13,22
6527,704,12.0,12.0,82.0,8.0,4.0,0.0,1.0,2.0,2015,10,3,23
13697,572,17.0,17.0,66.0,11.0,2.0,0.0,1.0,1.0,2016,7,31,8
11292,2057,10.5,9.0,77.0,21.0,2.0,0.0,0.0,0.0,2016,4,21,9
15230,614,15.0,15.0,74.5,24.0,1.0,0.0,0.0,2.0,2016,10,4,22
10651,130,9.0,6.5,94.0,16.0,7.0,1.0,0.0,0.0,2016,3,25,0
14610,132,17.0,17.0,77.0,9.0,1.0,0.0,0.0,2.0,2016,9,9,2
12531,710,17.0,17.0,83.0,8.0,1.0,0.0,1.0,1.0,2016,6,12,0
13004,619,15.0,15.0,65.5,27.0,2.0,0.0,1.0,1.0,2016,7,2,8
17282,1122,7.5,6.0,81.5,8.0,1.0,0.0,0.0,3.0,2016,12,29,12
8150,1588,11.0,11.0,74.5,24.0,3.0,0.0,0.0,3.0,2015,12,11,7
1464,74,8.0,5.0,64.0,15.0,4.0,0.0,0.0,0.0,2015,3,6,2
2599,1215,14.0,14.0,63.0,29.0,3.0,0.0,0.0,0.0,2015,4,22,15
5454,481,16.0,16.0,88.0,13.0,7.0,0.0,0.0,1.0,2015,8,19,21
15300,1048,14.0,14.0,77.0,9.0,3.0,0.0,0.0,2.0,2016,10,7,20
6164,1699,16.0,16.0,72.0,4.0,2.0,0.0,0.0,2.0,2015,9,18,19
13876,1853,21.5,21.5,51.5,32.5,1.0,0.0,1.0,1.0,2016,8,7,20
14893,1017,17.0,17.0,68.0,5.0,3.0,0.0,0.0,2.0,2016,9,20,21
9038,879,3.0,0.5,81.0,8.0,4.0,0.0,1.0,3.0,2016,1,17,11
9006,96,2.5,-0.5,81.0,10.0,3.0,0.0,1.0,3.0,2016,1,16,3
7283,1782,14.0,14.0,88.0,12.0,2.0,0.0,0.0,2.0,2015,11,4,19
15547,35,11.0,11.0,88.0,14.0,1.0,0.0,0.0,2.0,2016,10,18,3
4817,3524,17.0,17.0,64.0,11.0,7.0,0.0,0.0,1.0,2015,7,24,8
9884,51,12.0,12.0,88.0,28.0,7.0,0.0,0.0,3.0,2016,2,22,1
10841,2883,14.5,14.5,37.5,17.0,1.0,0.0,1.0,0.0,2016,4,2,13
4801,2467,21.0,21.0,43.0,18.5,1.0,0.0,0.0,1.0,2015,7,23,16
16983,438,7.0,7.0,93.0,2.0,1.0,0.0,1.0,3.0,2016,12,17,1
8568,453,13.0,13.0,63.0,21.0,1.0,1.0,0.0,3.0,2015,12,28,21
294,1648,7.0,4.5,59.0,15.0,7.0,0.0,0.0,3.0,2015,1,16,7
2888,2933,17.0,17.0,56.0,14.0,2.0,1.0,0.0,0.0,2015,5,4,16
16223,2283,14.5,14.5,85.0,21.0,4.0,0.0,0.0,2.0,2016,11,15,9
13429,284,21.5,21.5,75.5,12.0,1.0,0.0,0.0,1.0,2016,7,20,1
10982,947,11.5,11.5,67.0,10.0,3.0,0.0,0.0,0.0,2016,4,8,11
2395,27,10.0,8.5,79.0,10.0,1.0,0.0,0.0,0.0,2015,4,14,3
369,794,3.0,1.0,75.0,7.5,2.0,0.0,0.0,3.0,2015,1,19,10
15204,1266,14.0,14.0,69.5,10.0,1.0,0.0,0.0,2.0,2016,10,3,20
9145,476,5.0,3.0,70.0,9.0,1.0,0.0,0.0,3.0,2016,1,21,22
4996,2260,20.0,20.0,46.0,14.0,1.0,0.0,0.0,1.0,2015,7,31,19
16280,2761,10.0,7.0,67.0,27.0,3.0,0.0,0.0,2.0,2016,11,17,18
14099,761,14.0,14.0,88.0,6.0,1.0,0.0,0.0,1.0,2016,8,17,6
2964,1277,13.0,13.0,55.0,17.5,1.0,0.0,0.0,0.0,2015,5,7,20
2531,1194,11.0,11.0,62.0,11.0,2.0,0.0,1.0,0.0,2015,4,19,19
10834,108,9.0,7.0,71.0,13.0,1.0,0.0,1.0,0.0,2016,4,2,6
3581,906,17.0,17.0,77.0,38.0,3.0,0.0,0.0,1.0,2015,6,2,13
15708,1213,12.0,12.0,72.0,6.5,1.0,0.0,0.0,2.0,2016,10,24,20
12368,109,12.0,12.0,94.0,7.0,3.0,0.0,1.0,1.0,2016,6,5,5
15091,79,18.5,18.5,85.5,22.0,4.0,0.0,0.0,2.0,2016,9,29,3
5140,4384,20.0,20.0,62.0,19.5,1.0,0.0,0.0,1.0,2015,8,6,19
15072,4967,14.5,14.5,79.5,23.0,1.0,0.0,0.0,2.0,2016,9,28,8
14083,1668,22.5,22.5,48.5,19.5,2.0,0.0,0.0,1.0,2016,8,16,12
16556,609,1.0,-1.0,87.0,6.0,1.0,0.0,0.0,2.0,2016,11,29,6
7766,550,8.5,5.5,81.5,23.0,3.0,0.0,0.0,2.0,2015,11,25,6
3006,2277,18.5,18.5,43.0,32.0,3.0,0.0,1.0,0.0,2015,5,9,14
7469,1224,16.0,16.0,74.5,21.5,2.0,0.0,0.0,2.0,2015,11,12,13
2017,216,10.0,7.5,88.0,18.5,4.0,0.0,1.0,0.0,2015,3,29,4
10174,99,2.0,-0.5,78.0,7.5,1.0,0.0,1.0,0.0,2016,3,5,3
12440,127,15.0,15.0,91.0,3.0,7.0,0.0,0.0,1.0,2016,6,8,5
5641,2043,19.5,19.5,50.5,24.0,2.0,0.0,0.0,1.0,2015,8,27,16
8000,403,12.0,12.0,67.0,36.0,2.0,0.0,1.0,3.0,2015,12,5,1
5346,976,16.0,16.0,70.0,18.0,2.0,0.0,1.0,1.0,2015,8,15,9
314,144,1.0,-3.0,81.0,15.0,1.0,0.0,1.0,3.0,2015,1,17,3
5456,209,16.0,16.0,88.0,8.0,7.0,0.0,0.0,1.0,2015,8,19,23
1515,70,7.5,5.0,87.0,12.0,2.0,0.0,1.0,0.0,2015,3,8,5
6472,2190,18.0,18.0,52.0,26.0,1.0,0.0,0.0,2.0,2015,10,1,16
15186,78,10.0,10.0,88.0,4.0,1.0,0.0,0.0,2.0,2016,10,3,2
3912,1168,19.5,19.5,47.5,6.5,1.0,0.0,0.0,1.0,2015,6,16,11
6654,554,8.0,8.0,93.0,4.0,1.0,0.0,0.0,2.0,2015,10,9,6
9382,529,14.0,14.0,77.0,35.0,3.0,0.0,1.0,3.0,2016,1,31,19
2996,99,13.0,13.0,74.5,27.0,2.0,0.0,1.0,0.0,2015,5,9,4
5498,3950,26.0,26.0,48.0,20.0,1.0,0.0,0.0,1.0,2015,8,21,17
3742,2347,13.0,13.0,55.0,26.0,2.0,0.0,0.0,1.0,2015,6,9,9
10410,226,5.0,3.5,81.0,7.5,1.0,0.0,0.0,0.0,2016,3,14,23
1230,3841,6.0,2.0,76.0,20.0,1.0,0.0,0.0,3.0,2015,2,24,8
2147,416,11.0,11.0,94.0,11.0,7.0,1.0,0.0,0.0,2015,4,3,18
2877,97,12.5,12.5,79.5,16.0,3.0,1.0,0.0,0.0,2015,5,4,5
5602,129,17.0,17.0,85.5,11.0,3.0,0.0,0.0,1.0,2015,8,26,1
7091,1896,15.0,15.0,82.0,6.5,1.0,0.0,0.0,2.0,2015,10,27,19
12116,3530,11.5,11.5,85.0,10.0,7.0,0.0,0.0,0.0,2016,5,25,17
8272,1044,15.5,15.5,74.5,24.0,3.0,0.0,0.0,3.0,2015,12,16,13
12949,28,15.0,15.0,85.0,17.0,7.0,0.0,0.0,1.0,2016,6,30,1
2546,972,13.5,13.5,57.0,16.0,1.0,0.0,0.0,0.0,2015,4,20,10
1235,946,9.0,5.0,56.0,31.0,3.0,0.0,0.0,3.0,2015,2,24,13
5639,1392,19.0,19.0,56.0,23.0,2.0,0.0,0.0,1.0,2015,8,27,14
14073,73,15.0,15.0,85.0,6.5,1.0,0.0,0.0,1.0,2016,8,16,2
14938,4195,19.0,19.0,68.0,15.0,2.0,0.0,0.0,2.0,2016,9,22,18
8170,207,8.0,7.0,71.0,6.5,2.0,0.0,1.0,3.0,2015,12,12,7
15238,803,13.0,13.0,72.0,19.0,1.0,0.0,0.0,2.0,2016,10,5,6
4715,637,18.5,18.5,51.5,8.0,1.0,0.0,1.0,1.0,2015,7,19,23
2608,175,9.0,6.0,87.0,17.0,3.0,0.0,0.0,0.0,2015,4,23,0
6550,474,13.0,13.0,77.0,18.5,1.0,0.0,1.0,2.0,2015,10,4,22
16093,466,7.5,4.5,84.5,20.0,3.0,0.0,0.0,2.0,2016,11,9,22
4693,704,17.0,17.0,59.0,9.0,1.0,0.0,1.0,1.0,2015,7,19,1
7840,434,5.0,1.0,73.0,22.0,1.0,0.0,1.0,2.0,2015,11,28,8
6439,2447,11.5,11.5,85.0,6.5,2.0,0.0,0.0,2.0,2015,9,30,7
2149,398,10.0,9.0,94.0,9.0,3.0,1.0,0.0,0.0,2015,4,3,20
13493,3686,23.5,23.5,53.5,12.0,1.0,0.0,0.0,1.0,2016,7,22,17
14357,775,21.0,21.0,83.0,9.0,1.0,0.0,1.0,1.0,2016,8,28,0
2610,77,9.0,7.0,82.0,15.0,4.0,0.0,0.0,0.0,2015,4,23,2
16005,97,4.0,0.5,70.0,16.0,1.0,0.0,1.0,2.0,2016,11,6,6
8545,365,13.0,13.0,85.0,13.0,2.0,0.0,1.0,3.0,2015,12,27,22
12087,1476,15.0,15.0,55.0,16.0,3.0,0.0,0.0,0.0,2016,5,24,12
3977,82,14.0,14.0,65.0,11.0,1.0,0.0,0.0,1.0,2015,6,19,4
15393,4132,14.5,14.5,59.0,18.0,2.0,0.0,0.0,2.0,2016,10,11,17
9505,438,10.0,7.0,82.0,25.0,7.0,0.0,0.0,3.0,2016,2,5,22
3413,1575,17.0,17.0,49.0,12.0,2.0,0.0,0.0,0.0,2015,5,26,13
6795,1083,11.0,11.0,72.0,15.0,3.0,0.0,0.0,2.0,2015,10,15,10
16178,1923,10.0,8.0,76.0,13.0,3.0,0.0,1.0,2.0,2016,11,13,12
4233,2025,24.0,24.0,47.0,14.0,1.0,0.0,0.0,1.0,2015,6,29,20
13189,525,19.0,19.0,73.0,17.0,1.0,0.0,1.0,1.0,2016,7,10,1
1683,59,6.0,3.0,87.0,17.0,7.0,0.0,1.0,0.0,2015,3,15,5
12069,4001,18.0,18.0,50.5,17.0,2.0,0.0,0.0,0.0,2016,5,23,18
32,3161,8.0,7.5,79.0,5.0,3.0,0.0,0.0,3.0,2015,1,5,8
4874,1064,16.0,16.0,85.5,20.0,7.0,0.0,1.0,1.0,2015,7,26,17
1137,800,7.0,7.0,76.0,2.0,2.0,0.0,0.0,3.0,2015,2,20,11
9516,698,11.0,11.0,77.0,29.5,3.0,0.0,1.0,3.0,2016,2,6,9
5303,245,19.0,19.0,88.0,16.0,10.0,0.0,0.0,1.0,2015,8,13,14
4059,1046,16.5,16.5,59.0,21.5,2.0,0.0,0.0,1.0,2015,6,22,14
7391,2147,11.5,11.5,74.5,21.0,1.0,0.0,0.0,2.0,2015,11,9,7
7209,1256,11.0,11.0,94.0,8.0,4.0,0.0,1.0,2.0,2015,11,1,17
2467,56,9.0,6.0,73.5,19.0,7.0,0.0,0.0,0.0,2015,4,17,3
13790,148,16.0,16.0,77.0,20.5,3.0,0.0,0.0,1.0,2016,8,4,5
15033,4338,18.5,18.5,54.0,16.0,2.0,0.0,0.0,2.0,2016,9,26,17
4725,1921,17.0,17.0,85.5,7.5,7.0,0.0,0.0,1.0,2015,7,20,9
1723,554,6.0,4.0,93.0,10.0,2.0,0.0,0.0,0.0,2015,3,16,21
10934,715,10.5,9.0,80.0,29.0,3.0,0.0,0.0,0.0,2016,4,6,10
13740,40,16.0,16.0,94.0,15.0,7.0,0.0,0.0,1.0,2016,8,2,3
10515,450,6.5,3.5,81.5,15.0,3.0,0.0,1.0,0.0,2016,3,19,8
16218,37,13.0,13.0,94.0,16.0,3.0,0.0,0.0,2.0,2016,11,15,4
4972,2583,18.0,18.0,49.0,9.0,1.0,0.0,0.0,1.0,2015,7,30,19
9737,469,3.5,1.0,84.0,8.0,1.0,0.0,0.0,3.0,2016,2,15,21
3445,990,15.5,15.5,61.0,19.5,7.0,0.0,0.0,0.0,2015,5,27,21
7873,664,13.0,13.0,77.0,39.0,7.0,0.0,1.0,2.0,2015,11,29,17
6410,83,14.0,14.0,74.5,9.0,1.0,0.0,0.0,2.0,2015,9,29,2
2528,1623,11.0,11.0,62.0,7.5,3.0,0.0,1.0,0.0,2015,4,19,16
9024,445,3.0,3.0,81.0,2.0,7.0,0.0,1.0,3.0,2016,1,16,21
4179,2964,23.5,22.5,38.5,19.0,1.0,0.0,1.0,1.0,2015,6,27,14
17367,62,5.0,2.0,87.0,12.0,1.0,1.0,0.0,3.0,2017,1,2,1
1156,67,4.0,0.5,87.0,17.5,7.0,0.0,1.0,3.0,2015,2,21,6
13829,1264,21.0,21.0,64.0,19.0,1.0,0.0,0.0,1.0,2016,8,5,21
190,168,9.0,5.0,71.0,30.5,3.0,0.0,1.0,3.0,2015,1,11,23
391,3700,-0.5,-3.5,96.5,7.0,1.0,0.0,0.0,3.0,2015,1,20,8
16197,1763,9.0,7.5,82.0,10.0,7.0,0.0,0.0,2.0,2016,11,14,7
13648,625,18.0,18.0,80.5,17.5,3.0,0.0,0.0,1.0,2016,7,29,6
8413,850,15.5,15.5,70.0,40.0,3.0,0.0,0.0,3.0,2015,12,22,10
351,1111,3.0,2.0,81.0,6.0,2.0,0.0,1.0,3.0,2015,1,18,16
17381,1350,5.0,3.0,76.0,9.0,1.0,1.0,0.0,3.0,2017,1,2,15
12944,1357,16.0,16.0,80.0,24.0,3.0,0.0,0.0,1.0,2016,6,29,20
7556,43,14.0,14.0,85.0,26.0,4.0,0.0,0.0,2.0,2015,11,16,4
12290,390,12.0,12.0,88.0,18.5,3.0,0.0,0.0,1.0,2016,6,1,23
950,1234,5.0,2.0,66.0,12.0,4.0,0.0,0.0,3.0,2015,2,12,16
5442,2225,19.0,19.0,62.0,17.5,2.0,0.0,0.0,1.0,2015,8,19,9
4350,3391,26.0,26.0,45.0,22.0,1.0,0.0,1.0,1.0,2015,7,4,17
8978,292,4.0,-1.0,61.0,29.0,1.0,0.0,0.0,3.0,2016,1,14,23
16034,558,9.0,6.0,66.0,19.5,3.0,0.0,0.0,2.0,2016,11,7,11
3241,2110,12.0,12.0,56.0,28.0,2.0,0.0,0.0,0.0,2015,5,19,9
13548,315,19.5,19.5,85.5,17.0,7.0,0.0,0.0,1.0,2016,7,25,0
15795,1392,16.0,16.0,68.0,14.0,2.0,0.0,0.0,2.0,2016,10,28,11
14877,161,16.0,16.0,88.0,6.0,3.0,0.0,0.0,2.0,2016,9,20,5
3593,138,14.0,14.0,67.0,21.0,1.0,0.0,0.0,1.0,2015,6,3,1
3690,115,10.0,9.0,76.0,8.0,1.0,0.0,1.0,1.0,2015,6,7,5
16613,1151,8.0,6.0,71.0,13.0,1.0,0.0,0.0,3.0,2016,12,1,15
16234,994,14.0,14.0,88.0,18.0,3.0,0.0,0.0,2.0,2016,11,15,20
1675,407,6.0,3.0,76.0,18.0,7.0,0.0,1.0,0.0,2015,3,14,21
5843,291,13.5,13.5,67.5,12.0,4.0,0.0,1.0,2.0,2015,9,5,2
3397,720,15.0,15.0,61.0,18.0,4.0,1.0,0.0,0.0,2015,5,25,21
12867,2872,20.0,20.0,53.0,19.5,2.0,0.0,1.0,1.0,2016,6,26,15
4518,3418,25.0,25.0,37.5,23.0,1.0,0.0,1.0,1.0,2015,7,11,17
2100,1462,10.0,7.0,62.0,30.0,2.0,0.0,0.0,0.0,2015,4,1,19
2242,3633,17.0,17.0,50.5,9.0,2.0,0.0,0.0,0.0,2015,4,7,18
15532,1315,16.5,16.5,66.0,19.0,2.0,0.0,0.0,2.0,2016,10,17,12
10038,1009,6.5,2.5,61.5,25.0,3.0,0.0,1.0,3.0,2016,2,28,11
14803,142,15.0,15.0,77.0,19.5,1.0,0.0,1.0,2.0,2016,9,17,3
5351,2898,20.0,20.0,44.5,13.0,1.0,0.0,1.0,1.0,2015,8,15,14
11276,4137,12.0,12.0,51.0,29.0,1.0,0.0,0.0,0.0,2016,4,20,17
14974,174,16.0,16.0,77.0,13.0,1.0,0.0,1.0,2.0,2016,9,24,6
16604,539,2.0,-2.0,56.0,15.0,1.0,0.0,0.0,3.0,2016,12,1,6
8890,1361,7.0,5.0,87.0,9.0,7.0,0.0,0.0,3.0,2016,1,11,7
2960,1880,16.0,16.0,48.0,20.0,2.0,0.0,0.0,0.0,2015,5,7,16
12149,121,11.0,11.0,88.0,13.0,1.0,0.0,0.0,0.0,2016,5,27,2
5636,949,18.0,18.0,64.0,25.0,2.0,0.0,0.0,1.0,2015,8,27,11
1001,635,7.0,5.0,90.0,13.0,3.0,0.0,1.0,3.0,2015,2,14,19
12261,2464,13.0,13.0,82.0,23.0,3.0,0.0,0.0,0.0,2016,5,31,18
16387,100,11.0,11.0,74.5,30.0,7.0,0.0,0.0,2.0,2016,11,22,5
8038,1491,14.0,14.0,79.5,22.0,3.0,0.0,1.0,3.0,2015,12,6,15
12660,2349,15.0,15.0,82.0,11.0,3.0,0.0,0.0,1.0,2016,6,17,9
16064,3043,6.0,4.0,66.0,8.0,1.0,0.0,0.0,2.0,2016,11,8,17
17041,800,7.0,7.0,93.0,4.0,7.0,0.0,0.0,3.0,2016,12,19,11
1944,49,6.0,3.5,81.0,11.0,1.0,0.0,0.0,0.0,2015,3,26,2
7545,1139,15.0,15.0,77.0,26.0,3.0,0.0,1.0,2.0,2015,11,15,17
9351,1456,7.5,3.0,47.5,34.0,2.0,0.0,1.0,3.0,2016,1,30,12
1615,2055,11.0,11.0,52.0,17.0,1.0,0.0,0.0,0.0,2015,3,12,9
17285,1298,7.5,6.0,78.5,7.5,1.0,0.0,0.0,3.0,2016,12,29,15
13055,1284,21.0,21.0,51.5,17.0,2.0,0.0,0.0,1.0,2016,7,4,11
10800,1001,9.0,8.0,62.0,7.5,2.0,0.0,0.0,0.0,2016,3,31,20
842,133,4.0,1.0,81.0,11.0,3.0,0.0,1.0,3.0,2015,2,8,3
580,99,8.0,4.5,82.0,23.0,4.0,0.0,0.0,3.0,2015,1,28,5
8525,107,15.0,15.0,72.0,31.5,3.0,0.0,1.0,3.0,2015,12,27,2
14595,1227,23.0,23.0,50.0,28.5,2.0,0.0,0.0,2.0,2016,9,8,11
10377,2468,9.0,6.0,62.0,26.0,1.0,0.0,1.0,0.0,2016,3,13,14
12119,1298,12.0,12.0,77.0,6.5,3.0,0.0,0.0,0.0,2016,5,25,20
8863,63,7.5,4.5,73.5,21.0,1.0,0.0,1.0,3.0,2016,1,10,4
3998,456,15.0,15.0,68.0,11.0,1.0,0.0,1.0,1.0,2015,6,20,1
4639,2654,20.5,20.5,62.0,27.0,1.0,0.0,0.0,1.0,2015,7,16,19
13946,4379,19.0,19.0,46.0,14.0,1.0,0.0,0.0,1.0,2016,8,10,18
6270,650,10.0,8.0,88.0,14.0,1.0,0.0,0.0,2.0,2015,9,23,6
3462,1485,17.0,17.0,35.5,25.0,1.0,0.0,0.0,0.0,2015,5,28,14
13374,3068,26.0,26.0,52.5,23.0,2.0,0.0,1.0,1.0,2016,7,17,18
1447,1894,7.0,4.0,63.5,15.0,1.0,0.0,0.0,0.0,2015,3,5,9
3240,4379,11.0,11.0,62.0,29.0,2.0,0.0,0.0,0.0,2015,5,19,8
2748,1241,11.0,11.0,54.0,20.0,1.0,0.0,0.0,0.0,2015,4,28,20
2582,620,10.0,8.0,76.0,15.0,1.0,0.0,0.0,0.0,2015,4,21,22
6139,3526,17.0,17.0,57.5,17.0,2.0,0.0,0.0,2.0,2015,9,17,18
7990,1297,13.0,13.0,63.0,27.0,3.0,0.0,0.0,3.0,2015,12,4,15
10764,3572,7.5,4.5,73.5,18.5,1.0,0.0,0.0,0.0,2016,3,30,8
11619,60,11.0,11.0,50.0,5.0,1.0,0.0,0.0,0.0,2016,5,5,0
4807,1014,19.0,19.0,54.0,11.0,2.0,0.0,0.0,1.0,2015,7,23,22
5696,447,18.0,18.0,88.0,6.0,4.0,0.0,1.0,1.0,2015,8,29,23
12152,153,11.0,11.0,85.0,12.0,1.0,0.0,0.0,0.0,2016,5,27,5
10563,3643,9.0,8.0,76.0,9.0,3.0,0.0,0.0,0.0,2016,3,21,8
3173,2740,17.0,17.0,47.0,23.0,2.0,0.0,1.0,0.0,2015,5,16,13
5722,235,16.0,16.0,88.0,10.0,7.0,1.0,0.0,1.0,2015,8,31,1
5131,2234,20.0,20.0,69.0,19.5,2.0,0.0,0.0,1.0,2015,8,6,10
3585,3419,19.0,19.0,56.0,39.0,2.0,0.0,0.0,1.0,2015,6,2,17
6915,1146,11.5,11.5,79.5,10.0,1.0,0.0,0.0,2.0,2015,10,20,10
3142,590,9.0,7.0,79.0,12.0,3.0,0.0,0.0,0.0,2015,5,15,6
7882,58,10.0,8.0,69.0,11.0,4.0,0.0,0.0,2.0,2015,11,30,2
14067,3011,19.0,19.0,60.0,23.0,1.0,0.0,0.0,1.0,2016,8,15,19
6050,94,12.5,12.5,82.0,14.0,1.0,0.0,0.0,2.0,2015,9,14,1
4855,887,18.5,18.5,50.5,17.0,1.0,0.0,1.0,1.0,2015,7,25,22
3802,1321,17.5,17.5,62.0,19.0,1.0,0.0,0.0,1.0,2015,6,11,21
16558,4185,1.0,0.0,87.0,5.0,1.0,0.0,0.0,2.0,2016,11,29,8
14213,259,18.5,18.5,80.5,20.5,2.0,0.0,0.0,1.0,2016,8,22,0
6477,899,14.0,14.0,74.5,12.0,3.0,0.0,0.0,2.0,2015,10,1,21
10379,2107,6.5,2.5,71.0,24.0,1.0,0.0,1.0,0.0,2016,3,13,16
7166,671,14.0,14.0,82.0,12.0,1.0,0.0,0.0,2.0,2015,10,30,22
14995,302,19.0,19.0,64.0,18.5,1.0,0.0,1.0,2.0,2016,9,25,3
9991,1085,7.0,5.0,53.0,13.0,1.0,0.0,0.0,3.0,2016,2,26,12
8666,135,8.5,5.5,87.0,20.0,7.0,1.0,0.0,3.0,2016,1,1,23
16357,92,6.0,3.0,93.0,17.0,26.0,0.0,1.0,2.0,2016,11,20,23
8508,439,15.0,15.0,72.0,30.0,2.0,0.0,1.0,3.0,2015,12,26,9
12047,1199,14.0,14.0,74.5,7.5,2.0,0.0,1.0,0.0,2016,5,22,20
16278,1420,11.0,8.5,67.0,39.0,7.0,0.0,0.0,2.0,2016,11,17,16
15779,1961,14.5,14.5,70.0,18.0,2.0,0.0,0.0,2.0,2016,10,27,19
3925,333,18.0,18.0,66.0,15.0,1.0,0.0,0.0,1.0,2015,6,17,0
17137,844,11.5,11.5,79.5,29.0,4.0,0.0,0.0,3.0,2016,12,23,11
471,1421,4.0,1.0,75.0,12.0,1.0,0.0,0.0,3.0,2015,1,23,16
11338,222,6.0,3.0,81.0,15.0,2.0,0.0,1.0,0.0,2016,4,23,7
4827,1490,14.0,14.0,91.0,19.0,3.0,0.0,0.0,1.0,2015,7,24,18
5590,314,15.5,15.5,85.5,16.5,7.0,0.0,0.0,1.0,2015,8,25,13
8654,595,6.5,3.5,81.0,16.0,1.0,1.0,0.0,3.0,2016,1,1,11
9695,92,4.0,2.0,90.0,7.0,7.0,0.0,1.0,3.0,2016,2,14,3
11279,1246,9.0,6.0,71.0,24.0,1.0,0.0,0.0,0.0,2016,4,20,20
16348,1035,7.0,3.0,81.0,23.0,3.0,0.0,1.0,2.0,2016,11,20,14
8899,1174,7.0,4.0,81.0,16.0,3.0,0.0,0.0,3.0,2016,1,11,16
4788,88,14.5,14.5,74.5,11.0,1.0,0.0,0.0,1.0,2015,7,23,3
11421,2906,8.0,4.0,49.5,26.0,7.0,0.0,0.0,0.0,2016,4,26,18
2022,217,11.5,11.5,91.0,25.0,7.0,0.0,1.0,0.0,2015,3,29,9
5106,2287,19.0,19.0,60.0,8.0,2.0,0.0,0.0,1.0,2015,8,5,9
11749,379,16.0,16.0,94.0,17.5,7.0,0.0,0.0,0.0,2016,5,10,10
3323,1994,19.0,19.0,64.0,13.0,2.0,0.0,0.0,0.0,2015,5,22,19
5960,451,14.0,14.0,88.0,6.0,1.0,0.0,0.0,2.0,2015,9,9,23
15908,130,7.0,4.0,81.0,16.0,1.0,0.0,0.0,2.0,2016,11,2,5
17270,131,2.0,0.0,100.0,7.0,1.0,0.0,0.0,3.0,2016,12,29,0
8307,464,12.0,12.0,82.0,16.0,1.0,0.0,0.0,3.0,2015,12,18,0
6112,253,14.0,14.0,94.0,12.0,7.0,0.0,0.0,2.0,2015,9,16,15
11388,1873,9.5,7.0,73.5,19.5,2.0,0.0,0.0,0.0,2016,4,25,9
10535,88,5.5,3.0,87.0,13.0,7.0,0.0,1.0,0.0,2016,3,20,4
16520,817,8.0,6.0,68.5,12.0,3.0,0.0,1.0,2.0,2016,11,27,18
466,794,3.5,0.5,67.5,12.0,1.0,0.0,0.0,3.0,2015,1,23,11
2222,381,8.0,5.0,76.0,16.0,4.0,1.0,0.0,0.0,2015,4,6,22
3627,1272,20.0,20.0,41.5,17.0,1.0,0.0,0.0,1.0,2015,6,4,11
2771,2101,12.0,12.0,60.5,19.0,2.0,0.0,0.0,0.0,2015,4,29,19
15846,2098,12.5,12.5,91.0,4.0,2.0,0.0,1.0,2.0,2016,10,30,14
3693,454,14.0,14.0,63.0,10.0,1.0,0.0,1.0,1.0,2015,6,7,8
5393,4155,15.5,15.5,63.5,8.0,1.0,0.0,0.0,1.0,2015,8,17,8
16473,1291,7.5,5.5,78.5,12.0,1.0,0.0,0.0,2.0,2016,11,25,19
16169,182,9.0,7.5,87.0,9.0,1.0,0.0,1.0,2.0,2016,11,13,3
4252,2031,28.5,27.5,35.0,20.5,1.0,0.0,0.0,1.0,2015,6,30,15
7418,994,17.0,17.0,77.0,22.0,3.0,0.0,0.0,2.0,2015,11,10,10
9838,127,10.0,7.5,88.0,21.5,7.0,0.0,1.0,3.0,2016,2,20,2
13464,1745,23.0,23.0,51.5,5.0,2.0,0.0,0.0,1.0,2016,7,21,12
350,1450,4.0,1.0,75.0,13.0,2.0,0.0,1.0,3.0,2015,1,18,15
5336,516,17.0,17.0,88.0,11.0,7.0,0.0,0.0,1.0,2015,8,14,23
2933,813,13.5,13.5,65.0,42.0,7.0,0.0,0.0,0.0,2015,5,6,13
9421,810,9.0,5.0,71.0,29.0,2.0,0.0,0.0,3.0,2016,2,2,10
4646,170,17.0,17.0,75.0,7.5,1.0,0.0,0.0,1.0,2015,7,17,2
750,1696,2.0,-1.5,87.0,12.0,3.0,0.0,0.0,3.0,2015,2,4,7
17159,384,7.5,4.0,76.0,23.0,2.0,0.0,1.0,3.0,2016,12,24,9
16829,1356,14.0,14.0,88.0,16.0,7.0,0.0,1.0,3.0,2016,12,10,15
7742,368,10.0,7.5,91.0,18.5,7.0,0.0,0.0,2.0,2015,11,24,6
9126,32,-1.0,-2.5,93.0,3.5,1.0,0.0,0.0,3.0,2016,1,21,3
4835,111,13.0,13.0,88.0,19.5,7.0,0.0,1.0,1.0,2015,7,25,2
10045,662,6.0,3.0,57.0,19.0,2.0,0.0,1.0,3.0,2016,2,28,18
5300,924,20.5,20.5,78.0,17.0,7.0,0.0,0.0,1.0,2015,8,13,11
3242,991,12.5,12.5,54.5,27.0,2.0,0.0,0.0,0.0,2015,5,19,10
12946,562,15.5,15.5,85.5,19.5,7.0,0.0,0.0,1.0,2016,6,29,22
252,1066,7.0,3.0,57.0,24.0,2.0,0.0,0.0,3.0,2015,1,14,13
4410,159,17.0,17.0,68.0,11.0,1.0,0.0,0.0,1.0,2015,7,7,5
13165,595,18.0,18.0,68.0,15.0,1.0,0.0,1.0,1.0,2016,7,9,1
1078,158,4.0,1.5,75.0,10.0,1.0,0.0,0.0,3.0,2015,2,18,0
3990,3934,20.0,20.0,47.5,18.0,2.0,0.0,0.0,1.0,2015,6,19,17
4399,4470,22.5,22.0,45.5,18.5,1.0,0.0,0.0,1.0,2015,7,6,18
10854,158,9.0,8.0,94.0,7.5,7.0,0.0,1.0,0.0,2016,4,3,2
6135,1332,18.0,18.0,50.5,21.0,3.0,0.0,0.0,2.0,2015,9,17,14
15907,35,6.0,4.0,84.0,11.0,1.0,0.0,0.0,2.0,2016,11,2,4
4325,2757,22.5,22.5,59.0,29.0,1.0,0.0,0.0,1.0,2015,7,3,16
4485,4496,19.5,19.5,49.0,10.0,1.0,0.0,0.0,1.0,2015,7,10,8
3196,2806,16.5,16.5,42.0,21.5,2.0,0.0,1.0,0.0,2015,5,17,12
13243,2632,15.5,15.5,74.5,13.0,2.0,0.0,0.0,1.0,2016,7,12,7
10956,1748,8.0,4.0,66.0,29.0,3.0,0.0,0.0,0.0,2016,4,7,9
17400,661,3.0,-2.0,81.0,20.0,1.0,0.0,0.0,3.0,2017,1,3,10
2039,47,8.0,4.5,76.0,22.0,2.0,0.0,0.0,0.0,2015,3,30,2
11681,3709,22.5,22.0,47.0,25.0,2.0,0.0,1.0,0.0,2016,5,7,14
12753,819,16.5,16.5,72.5,14.0,2.0,0.0,0.0,1.0,2016,6,21,6
14935,1563,19.0,19.0,73.0,11.0,3.0,0.0,0.0,2.0,2016,9,22,15
3898,981,13.0,13.0,63.0,18.0,1.0,0.0,0.0,1.0,2015,6,15,21
2746,3741,12.5,12.5,38.5,25.0,1.0,0.0,0.0,0.0,2015,4,28,18
11806,2783,21.5,21.0,47.0,20.0,1.0,0.0,0.0,0.0,2016,5,12,19
8785,393,6.0,4.0,93.0,9.0,2.0,0.0,0.0,3.0,2016,1,6,22
12174,201,11.5,11.5,85.0,8.0,2.0,0.0,1.0,0.0,2016,5,28,3
17359,151,5.0,1.5,90.0,17.0,7.0,0.0,1.0,3.0,2017,1,1,17
11953,627,12.0,12.0,88.0,16.0,7.0,0.0,0.0,0.0,2016,5,18,22
14138,1137,18.0,18.0,83.0,17.5,1.0,0.0,0.0,1.0,2016,8,18,21
11065,449,11.0,11.0,88.0,13.0,2.0,0.0,0.0,0.0,2016,4,11,22
1901,2081,6.0,4.0,81.0,8.0,2.0,0.0,0.0,0.0,2015,3,24,7
5203,1737,22.5,21.5,42.5,11.0,1.0,0.0,1.0,1.0,2015,8,9,10
16097,44,6.0,3.0,87.0,18.0,1.0,0.0,0.0,2.0,2016,11,10,2
14446,4522,23.0,23.0,57.0,17.5,2.0,0.0,0.0,1.0,2016,8,31,17
4868,239,14.0,14.0,88.0,19.5,7.0,0.0,1.0,1.0,2015,7,26,11
12722,178,16.0,16.0,94.0,18.0,7.0,0.0,1.0,1.0,2016,6,19,23
249,841,5.0,0.0,70.0,30.5,2.0,0.0,0.0,3.0,2015,1,14,10
4295,1295,22.0,22.0,63.0,13.0,1.0,0.0,0.0,1.0,2015,7,2,10
2890,1574,15.5,15.5,65.5,12.0,2.0,1.0,0.0,0.0,2015,5,4,18
10847,400,9.0,6.5,84.5,14.0,7.0,0.0,1.0,0.0,2016,4,2,19
6637,1526,15.5,15.5,53.5,9.0,2.0,0.0,0.0,2.0,2015,10,8,13
491,1636,6.0,2.0,61.0,24.0,1.0,0.0,1.0,3.0,2015,1,24,12
8027,113,13.0,13.0,79.5,30.5,7.0,0.0,1.0,3.0,2015,12,6,4
13122,731,16.0,16.0,65.5,11.0,1.0,0.0,0.0,1.0,2016,7,7,6
15993,985,8.0,5.0,62.0,19.5,3.0,0.0,1.0,2.0,2016,11,5,18
8902,1479,7.0,3.5,78.5,21.5,3.0,0.0,0.0,3.0,2016,1,11,19
6078,89,12.0,12.0,77.0,17.5,7.0,0.0,0.0,2.0,2015,9,15,5
5132,2140,20.0,20.0,71.0,17.0,3.0,0.0,0.0,1.0,2015,8,6,11
2741,1324,12.5,12.5,29.0,29.0,1.0,0.0,0.0,0.0,2015,4,28,13
2729,82,7.0,3.0,71.0,23.0,1.0,0.0,0.0,0.0,2015,4,28,1
3512,2707,17.5,17.5,35.5,21.0,1.0,0.0,1.0,0.0,2015,5,30,16
3109,1041,12.0,12.0,77.0,24.0,2.0,0.0,0.0,0.0,2015,5,13,21
12842,2188,18.5,18.5,52.5,19.0,7.0,0.0,1.0,1.0,2016,6,25,14
12893,4248,21.0,21.0,46.0,18.5,1.0,0.0,0.0,1.0,2016,6,27,17
12892,2481,21.0,21.0,43.0,18.0,1.0,0.0,0.0,1.0,2016,6,27,16
16460,518,6.5,3.5,78.5,16.0,1.0,0.0,0.0,2.0,2016,11,25,6
10414,22,3.0,2.5,90.0,5.0,1.0,0.0,0.0,0.0,2016,3,15,3
13311,94,14.0,14.0,82.0,9.0,1.0,0.0,0.0,1.0,2016,7,15,3
14806,172,15.0,15.0,72.0,24.0,3.0,0.0,1.0,2.0,2016,9,17,6
8240,105,10.5,10.0,94.0,7.0,3.0,0.0,0.0,3.0,2015,12,15,5
1061,1751,4.0,1.0,81.0,12.0,1.0,0.0,0.0,3.0,2015,2,17,7
3282,68,9.5,7.5,73.5,13.0,1.0,0.0,0.0,0.0,2015,5,21,2
10098,240,9.0,5.5,73.5,25.0,3.0,0.0,0.0,0.0,2016,3,1,23
6241,109,11.0,11.0,91.0,10.0,1.0,0.0,0.0,2.0,2015,9,22,1
15751,1567,16.0,16.0,65.5,19.0,2.0,0.0,0.0,2.0,2016,10,26,15
223,3960,9.0,6.5,71.0,16.0,2.0,0.0,0.0,3.0,2015,1,13,8
10303,908,8.0,6.0,76.0,10.0,3.0,0.0,0.0,0.0,2016,3,10,12
164,349,6.0,2.0,57.0,21.0,1.0,0.0,1.0,3.0,2015,1,10,21
1027,376,4.5,2.5,93.0,8.0,1.0,0.0,1.0,3.0,2015,2,15,21
4957,58,14.0,14.0,72.0,15.0,1.0,0.0,0.0,1.0,2015,7,30,4
7955,46,13.0,13.0,77.0,17.0,4.0,0.0,0.0,3.0,2015,12,3,4
989,147,6.0,5.5,96.5,5.0,3.0,0.0,1.0,3.0,2015,2,14,7
3395,1597,15.0,15.0,59.0,14.0,3.0,1.0,0.0,0.0,2015,5,25,19
10003,350,4.5,2.5,75.5,8.5,1.0,0.0,1.0,3.0,2016,2,27,0
17304,601,4.0,1.5,100.0,10.0,4.0,0.0,0.0,3.0,2016,12,30,10
1354,1708,11.0,11.0,48.5,43.0,2.0,0.0,1.0,0.0,2015,3,1,12
5837,1021,15.0,15.0,59.0,11.0,3.0,0.0,0.0,2.0,2015,9,4,20
14975,354,16.0,16.0,77.0,9.0,1.0,0.0,1.0,2.0,2016,9,24,7
1754,27,5.0,3.0,93.0,7.0,3.0,0.0,0.0,0.0,2015,3,18,4
9041,1073,4.0,2.0,81.0,7.0,3.0,0.0,1.0,3.0,2016,1,17,14
14707,67,19.0,19.0,85.5,7.5,1.0,0.0,0.0,2.0,2016,9,13,3
12790,2648,22.0,22.0,69.0,10.0,3.0,0.0,0.0,1.0,2016,6,22,19
10215,379,5.0,2.5,66.0,10.0,1.0,0.0,1.0,0.0,2016,3,6,20
7056,4133,10.5,9.5,91.0,16.0,1.0,0.0,0.0,2.0,2015,10,26,8
2139,580,9.5,8.5,91.0,7.0,3.0,1.0,0.0,0.0,2015,4,3,10
6512,619,11.0,11.0,91.0,6.5,3.0,0.0,1.0,2.0,2015,10,3,8
2427,1146,21.5,21.0,40.5,14.0,1.0,0.0,0.0,0.0,2015,4,15,11
3527,151,14.0,14.0,88.0,23.0,7.0,0.0,1.0,0.0,2015,5,31,7
8989,816,4.0,-0.5,67.5,23.0,2.0,0.0,0.0,3.0,2016,1,15,10
15536,2096,16.5,16.5,61.0,21.0,2.0,0.0,0.0,2.0,2016,10,17,16
8713,169,8.0,6.5,87.0,8.0,1.0,0.0,1.0,3.0,2016,1,3,22
16370,527,13.0,13.0,88.0,23.0,7.0,0.0,0.0,2.0,2016,11,21,12
3472,350,12.5,12.5,56.5,16.0,1.0,0.0,0.0,0.0,2015,5,29,0
4903,646,16.0,16.0,68.0,26.0,3.0,0.0,0.0,1.0,2015,7,27,22
10048,267,5.0,2.0,68.0,15.0,4.0,0.0,1.0,3.0,2016,2,28,21
7162,2242,14.0,14.0,82.0,14.0,1.0,0.0,0.0,2.0,2015,10,30,18
260,537,10.0,6.0,71.0,38.0,7.0,0.0,0.0,3.0,2015,1,14,21
12273,590,12.0,12.0,94.0,14.0,3.0,0.0,0.0,1.0,2016,6,1,6
4952,619,15.5,15.5,65.5,16.0,2.0,0.0,0.0,1.0,2015,7,29,23
9062,610,4.0,1.0,75.0,13.0,2.0,0.0,0.0,3.0,2016,1,18,11
16288,82,6.0,2.0,78.5,23.0,1.0,0.0,0.0,2.0,2016,11,18,2
6435,60,11.0,11.0,82.0,6.5,1.0,0.0,0.0,2.0,2015,9,30,3
1684,79,6.0,3.0,87.0,17.0,7.0,0.0,1.0,0.0,2015,3,15,6
9304,1114,10.0,7.0,54.0,26.0,2.0,0.0,0.0,3.0,2016,1,28,13
13756,2169,21.0,21.0,83.0,18.5,3.0,0.0,0.0,1.0,2016,8,2,19
6608,4411,16.0,16.0,85.5,17.0,3.0,0.0,0.0,2.0,2015,10,7,8
13229,3617,18.0,18.0,78.0,22.0,7.0,0.0,0.0,1.0,2016,7,11,17
909,283,5.0,2.0,76.0,11.0,4.0,0.0,0.0,3.0,2015,2,10,23
6198,132,11.0,11.0,94.0,7.0,1.0,0.0,1.0,2.0,2015,9,20,6
11875,3190,16.5,16.5,38.0,19.0,1.0,0.0,1.0,0.0,2016,5,15,16
13823,2334,24.0,23.0,39.0,15.0,1.0,0.0,0.0,1.0,2016,8,5,15
13099,2821,14.0,14.0,72.0,12.0,1.0,0.0,0.0,1.0,2016,7,6,7
4776,1537,21.5,21.0,50.0,28.0,7.0,0.0,0.0,1.0,2015,7,22,15
5766,723,14.0,14.0,88.0,6.0,1.0,0.0,0.0,2.0,2015,9,1,21
15016,214,14.0,14.0,72.0,9.0,1.0,0.0,0.0,2.0,2016,9,26,0
8336,109,15.0,15.0,88.0,26.0,3.0,0.0,1.0,3.0,2015,12,19,5
3415,1804,18.0,18.0,47.5,15.0,3.0,0.0,0.0,0.0,2015,5,26,15
5728,73,15.0,15.0,94.0,7.5,7.0,1.0,0.0,1.0,2015,8,31,7
9097,363,0.0,0.0,69.0,2.0,1.0,0.0,0.0,3.0,2016,1,19,22
2093,1094,10.0,6.0,48.5,38.0,2.0,0.0,0.0,0.0,2015,4,1,12
15199,1650,18.0,18.0,40.0,8.5,1.0,0.0,0.0,2.0,2016,10,3,15
11570,288,11.0,11.0,67.0,24.0,2.0,1.0,0.0,0.0,2016,5,2,23
1085,1717,3.5,1.0,72.5,8.0,1.0,0.0,0.0,3.0,2015,2,18,7
9735,1356,5.0,2.0,70.0,13.0,2.0,0.0,0.0,3.0,2016,2,15,19
3654,3995,23.0,23.0,53.0,25.0,2.0,0.0,0.0,1.0,2015,6,5,17
9397,806,13.0,13.0,72.0,33.0,3.0,0.0,0.0,3.0,2016,2,1,10
4542,738,20.0,20.0,76.0,27.0,7.0,0.0,1.0,1.0,2015,7,12,17
11540,2764,15.0,15.0,48.0,19.5,1.0,0.0,1.0,0.0,2016,5,1,17
2178,195,7.0,7.0,81.0,2.0,4.0,0.0,1.0,0.0,2015,4,5,2
2894,290,12.5,12.5,91.0,27.0,7.0,1.0,0.0,0.0,2015,5,4,22
16869,1949,5.0,3.5,96.5,7.5,3.0,0.0,0.0,3.0,2016,12,12,7
6518,2569,15.0,15.0,72.5,6.0,3.0,0.0,1.0,2.0,2015,10,3,14
5502,1079,22.0,22.0,65.0,8.0,1.0,0.0,0.0,1.0,2015,8,21,21
17073,1295,6.0,3.5,81.0,12.0,3.0,0.0,0.0,3.0,2016,12,20,19
11572,113,10.0,7.5,67.0,20.5,1.0,0.0,0.0,0.0,2016,5,3,1
14564,59,19.0,19.0,85.5,9.0,4.0,0.0,0.0,2.0,2016,9,7,4
1590,4053,6.0,3.5,81.5,12.0,1.0,0.0,0.0,0.0,2015,3,11,8
6999,653,13.0,13.0,65.0,7.0,4.0,0.0,0.0,2.0,2015,10,23,22
14389,531,17.5,17.5,75.0,5.5,2.0,1.0,0.0,1.0,2016,8,29,8
15500,107,10.0,8.0,94.0,12.0,1.0,0.0,1.0,2.0,2016,10,16,4
4061,1961,18.0,18.0,46.0,28.0,2.0,0.0,0.0,1.0,2015,6,22,16
3141,101,9.0,7.0,82.0,12.0,4.0,0.0,0.0,0.0,2015,5,15,5
5361,692,16.0,16.0,63.0,5.0,1.0,0.0,1.0,1.0,2015,8,16,0
15387,1098,11.5,11.5,72.0,5.0,2.0,0.0,0.0,2.0,2016,10,11,11
14403,837,19.0,19.0,64.0,4.0,1.0,1.0,0.0,1.0,2016,8,29,22
1459,640,9.0,5.5,62.0,25.0,4.0,0.0,0.0,0.0,2015,3,5,21
7194,684,8.5,8.5,97.0,0.0,4.0,0.0,1.0,2.0,2015,11,1,2
4023,354,16.5,16.5,83.0,23.0,3.0,0.0,1.0,1.0,2015,6,21,2
13815,708,15.0,15.0,88.0,14.0,2.0,0.0,0.0,1.0,2016,8,5,6
6360,745,12.0,12.0,72.0,2.0,1.0,0.0,1.0,2.0,2015,9,27,0
2386,3567,16.0,16.0,59.0,15.0,2.0,0.0,0.0,0.0,2015,4,13,18
8668,61,9.0,6.0,87.0,20.0,7.0,0.0,1.0,3.0,2016,1,2,1
1722,818,6.5,4.0,87.0,14.0,1.0,0.0,0.0,0.0,2015,3,16,20
3361,962,16.5,16.5,57.5,17.0,1.0,0.0,1.0,0.0,2015,5,24,9
8149,498,11.0,11.0,77.0,23.0,3.0,0.0,0.0,3.0,2015,12,11,6
15423,400,11.0,11.0,88.0,14.0,7.0,0.0,0.0,2.0,2016,10,12,23
1721,1379,7.0,4.0,81.0,18.0,2.0,0.0,0.0,0.0,2015,3,16,19
7998,457,12.0,12.0,67.0,35.0,2.0,0.0,0.0,3.0,2015,12,4,23
1538,31,5.0,4.0,81.0,6.0,1.0,0.0,0.0,0.0,2015,3,9,4
7374,1703,16.0,16.0,88.0,23.0,3.0,0.0,1.0,2.0,2015,11,8,14
12033,142,13.0,13.0,77.0,12.0,1.0,0.0,1.0,0.0,2016,5,22,6
8908,44,5.0,1.0,87.0,20.5,3.0,0.0,0.0,3.0,2016,1,12,1
9125,59,-1.0,-3.5,93.0,6.5,1.0,0.0,0.0,3.0,2016,1,21,2
8684,383,11.0,11.0,91.0,16.0,7.0,0.0,1.0,3.0,2016,1,2,17
281,2480,7.0,3.0,57.0,29.5,2.0,0.0,0.0,3.0,2015,1,15,18
2354,1306,12.5,12.5,47.5,30.5,1.0,0.0,1.0,0.0,2015,4,12,10
9903,795,8.0,6.0,51.5,10.0,1.0,0.0,0.0,3.0,2016,2,22,20
11157,920,10.0,8.5,88.0,10.0,7.0,0.0,0.0,0.0,2016,4,15,18
11752,597,16.0,16.0,94.0,21.0,7.0,0.0,0.0,0.0,2016,5,10,13
1073,1568,6.0,6.0,61.0,4.0,2.0,0.0,0.0,3.0,2015,2,17,19
16993,1187,7.0,5.5,100.0,8.0,4.0,0.0,1.0,3.0,2016,12,17,11
11626,2409,11.5,11.5,65.0,8.0,1.0,0.0,0.0,0.0,2016,5,5,7
2313,3751,20.0,20.0,39.0,16.0,1.0,0.0,0.0,0.0,2015,4,10,17
8283,375,14.5,14.5,82.0,18.0,2.0,0.0,0.0,3.0,2015,12,17,0
3735,104,9.0,7.0,76.0,15.0,1.0,0.0,0.0,1.0,2015,6,9,2
12177,135,11.0,11.0,88.0,13.0,7.0,0.0,1.0,0.0,2016,5,28,6
1141,1002,7.0,5.0,76.0,12.0,2.0,0.0,0.0,3.0,2015,2,20,15
8854,434,10.5,9.0,82.5,26.0,7.0,0.0,1.0,3.0,2016,1,9,19
11287,47,6.0,4.0,93.0,7.0,1.0,0.0,0.0,0.0,2016,4,21,4
11363,301,4.0,1.5,87.0,10.0,7.0,0.0,1.0,0.0,2016,4,24,8
3703,2870,19.0,19.0,36.0,14.0,1.0,0.0,1.0,1.0,2015,6,7,18
2115,847,8.0,6.0,62.0,12.0,2.0,0.0,0.0,0.0,2015,4,2,10
16028,119,6.0,2.5,81.0,19.5,2.0,0.0,0.0,2.0,2016,11,7,5
9945,998,7.5,7.0,44.5,5.0,2.0,0.0,0.0,3.0,2016,2,24,14
5547,2552,20.0,20.0,60.0,20.5,2.0,0.0,1.0,1.0,2015,8,23,18
10113,637,6.5,1.0,61.5,45.5,3.0,0.0,0.0,0.0,2016,3,2,14
4516,3708,25.0,25.0,39.0,25.0,1.0,0.0,1.0,1.0,2015,7,11,15
2217,2265,10.0,8.0,73.5,17.0,3.0,1.0,0.0,0.0,2015,4,6,17
11458,2267,4.5,2.0,84.0,10.0,1.0,0.0,0.0,0.0,2016,4,28,7
1951,1251,7.0,4.0,90.0,19.5,3.0,0.0,0.0,0.0,2015,3,26,9
14767,1947,29.5,29.5,44.0,8.0,1.0,0.0,0.0,2.0,2016,9,15,15
15009,2675,18.0,18.0,52.0,24.0,2.0,0.0,1.0,2.0,2016,9,25,17
562,763,8.0,5.0,71.0,19.0,2.0,0.0,0.0,3.0,2015,1,27,11
7619,52,12.0,12.0,74.5,34.0,7.0,0.0,0.0,2.0,2015,11,19,3
2565,113,5.5,5.0,78.5,5.0,1.0,0.0,0.0,0.0,2015,4,21,5
12237,1740,17.0,17.0,64.0,22.0,3.0,1.0,0.0,0.0,2016,5,30,18
2451,1037,14.0,14.0,59.0,23.0,1.0,0.0,0.0,0.0,2015,4,16,11
5055,618,18.5,18.5,70.5,16.0,1.0,0.0,0.0,1.0,2015,8,3,6
1095,2651,8.0,5.0,68.5,19.5,1.0,0.0,0.0,3.0,2015,2,18,17
12093,4088,15.5,15.5,48.0,19.5,2.0,0.0,0.0,0.0,2016,5,24,18
11803,2348,22.5,22.5,47.0,26.0,1.0,0.0,0.0,0.0,2016,5,12,16
11756,2806,16.5,16.5,91.0,19.5,3.0,0.0,0.0,0.0,2016,5,10,17
15191,2442,8.5,7.5,87.0,6.0,1.0,0.0,0.0,2.0,2016,10,3,7
14605,1181,19.0,19.0,64.0,20.0,1.0,0.0,0.0,2.0,2016,9,8,21
13560,1593,23.0,23.0,44.0,19.5,2.0,0.0,0.0,1.0,2016,7,25,12
13997,1212,19.5,19.5,62.0,30.0,1.0,0.0,0.0,1.0,2016,8,12,21
17051,549,7.5,5.0,90.0,14.0,3.0,0.0,0.0,3.0,2016,12,19,21
6381,605,13.5,13.5,74.5,11.0,1.0,0.0,1.0,2.0,2015,9,27,21
16686,1071,6.0,2.0,66.0,22.0,1.0,0.0,1.0,3.0,2016,12,4,16
16582,4109,0.0,-3.5,87.0,11.0,1.0,0.0,0.0,2.0,2016,11,30,8
9242,275,9.0,6.0,76.0,18.5,1.0,0.0,0.0,3.0,2016,1,25,23
5656,1806,13.5,13.5,82.0,10.0,1.0,0.0,0.0,1.0,2015,8,28,7
1802,46,5.0,2.0,87.0,12.0,4.0,0.0,0.0,0.0,2015,3,20,4
13898,4356,20.0,20.0,46.0,16.0,1.0,0.0,0.0,1.0,2016,8,8,18
7115,1638,12.0,12.0,88.0,13.0,1.0,0.0,0.0,2.0,2015,10,28,19
8891,3289,7.0,6.0,87.0,6.5,3.0,0.0,0.0,3.0,2016,1,11,8
7055,2063,10.0,8.0,88.0,15.0,3.0,0.0,0.0,2.0,2015,10,26,7
7585,2129,14.5,14.5,74.5,24.0,3.0,0.0,0.0,2.0,2015,11,17,9
545,2509,7.5,4.5,64.0,18.0,1.0,0.0,0.0,3.0,2015,1,26,18
256,2638,7.5,4.5,64.0,16.0,2.0,0.0,0.0,3.0,2015,1,14,17
15253,901,13.0,13.0,65.0,23.0,3.0,0.0,0.0,2.0,2016,10,5,21
9155,2803,6.5,3.5,84.0,16.0,7.0,0.0,0.0,3.0,2016,1,22,8
3274,3589,15.0,15.0,48.0,25.0,1.0,0.0,0.0,0.0,2015,5,20,18
9205,842,13.0,13.0,88.0,14.0,3.0,0.0,1.0,3.0,2016,1,24,10
5090,4364,21.0,21.0,46.0,29.0,2.0,0.0,0.0,1.0,2015,8,4,17
7910,1915,14.0,14.0,82.0,23.0,3.0,0.0,0.0,3.0,2015,12,1,7
12757,1302,19.5,19.5,62.0,19.0,2.0,0.0,0.0,1.0,2016,6,21,10
9614,2609,7.0,4.0,66.0,15.0,1.0,0.0,0.0,3.0,2016,2,10,18
8125,554,12.0,12.0,67.0,20.5,3.0,0.0,0.0,3.0,2015,12,10,6
900,954,7.0,7.0,66.0,2.0,2.0,0.0,0.0,3.0,2015,2,10,13
626,60,3.5,-0.5,75.5,17.0,1.0,0.0,0.0,3.0,2015,1,30,3
2322,255,11.5,11.5,79.5,13.0,4.0,0.0,1.0,0.0,2015,4,11,2
16684,1616,7.5,3.5,59.0,25.0,1.0,0.0,1.0,3.0,2016,12,4,14
12516,1203,18.5,18.5,68.0,7.5,2.0,0.0,1.0,1.0,2016,6,11,9
8615,120,10.5,9.5,85.0,19.5,7.0,0.0,0.0,3.0,2015,12,30,20
10128,87,5.0,0.0,76.0,28.0,3.0,0.0,0.0,0.0,2016,3,3,5
15695,1973,11.0,11.0,79.5,14.0,1.0,0.0,0.0,2.0,2016,10,24,7
12690,2582,16.0,16.0,65.5,18.5,3.0,0.0,1.0,1.0,2016,6,18,15
5354,2785,19.5,19.5,47.5,16.0,1.0,0.0,1.0,1.0,2015,8,15,17
16430,166,11.0,11.0,82.0,21.0,4.0,0.0,0.0,2.0,2016,11,24,0
11451,65,5.0,4.5,81.0,5.0,7.0,0.0,0.0,0.0,2016,4,28,0
151,321,14.0,14.0,74.5,40.0,3.0,0.0,1.0,3.0,2015,1,10,8
16581,2001,0.0,-3.5,87.0,11.0,1.0,0.0,0.0,2.0,2016,11,30,7
9278,641,13.0,13.0,82.0,35.0,3.0,0.0,0.0,3.0,2016,1,27,11
8834,388,9.0,6.5,82.0,15.0,2.0,0.0,0.0,3.0,2016,1,8,23
3908,2476,13.0,13.0,63.0,5.0,1.0,0.0,0.0,1.0,2015,6,16,7
1052,325,6.0,3.5,90.0,11.0,7.0,0.0,0.0,3.0,2015,2,16,22
3459,1206,16.5,16.5,38.0,28.0,1.0,0.0,0.0,0.0,2015,5,28,11
15634,2621,12.0,12.0,77.0,10.0,3.0,0.0,0.0,2.0,2016,10,21,18
12772,185,16.0,16.0,83.0,13.0,2.0,0.0,0.0,1.0,2016,6,22,1
14404,558,18.5,18.5,66.0,2.0,1.0,1.0,0.0,1.0,2016,8,29,23
13844,3171,23.5,23.5,44.0,13.0,2.0,0.0,1.0,1.0,2016,8,6,12
9585,971,7.0,3.0,57.0,23.0,2.0,0.0,0.0,3.0,2016,2,9,13
7064,1874,14.0,14.0,82.0,14.0,3.0,0.0,0.0,2.0,2015,10,26,16
12710,2425,20.0,20.0,56.0,19.5,3.0,0.0,1.0,1.0,2016,6,19,11
15023,2421,14.0,14.0,74.5,6.5,2.0,0.0,0.0,2.0,2016,9,26,7
5326,1661,22.0,22.0,65.0,23.0,3.0,0.0,0.0,1.0,2015,8,14,13
12294,53,11.0,11.0,88.0,19.0,3.0,0.0,0.0,1.0,2016,6,2,3
10653,76,9.0,6.0,94.0,17.0,7.0,1.0,0.0,0.0,2016,3,25,2
16727,2165,5.0,5.0,100.0,3.0,2.0,0.0,0.0,3.0,2016,12,6,9
17065,902,7.0,5.0,76.0,11.0,2.0,0.0,0.0,3.0,2016,12,20,11
14124,2332,16.5,16.5,85.5,9.0,1.0,0.0,0.0,1.0,2016,8,18,7
9275,3631,13.0,13.0,82.0,32.0,3.0,0.0,0.0,3.0,2016,1,27,8
9003,300,3.0,-1.0,81.0,15.0,1.0,0.0,1.0,3.0,2016,1,16,0
9039,1074,4.0,2.0,75.0,8.0,3.0,0.0,1.0,3.0,2016,1,17,12
4774,1709,22.5,22.0,47.0,24.0,2.0,0.0,0.0,1.0,2015,7,22,13
4999,920,17.5,17.5,50.5,9.0,1.0,0.0,0.0,1.0,2015,7,31,22
16438,4483,10.0,7.0,82.0,20.0,3.0,0.0,0.0,2.0,2016,11,24,8
12987,1595,19.5,19.5,62.0,24.5,2.0,0.0,0.0,1.0,2016,7,1,15
7014,1368,14.0,14.0,77.0,14.0,7.0,0.0,1.0,2.0,2015,10,24,13
13269,2399,15.5,15.5,70.0,17.0,2.0,0.0,0.0,1.0,2016,7,13,9
16326,1371,6.5,3.5,78.5,17.0,7.0,0.0,1.0,2.0,2016,11,19,16
2378,797,11.0,11.0,69.5,6.5,3.0,0.0,0.0,0.0,2015,4,13,10
14710,948,19.0,19.0,88.0,8.5,1.0,0.0,0.0,2.0,2016,9,13,6
1803,82,5.0,2.0,87.0,12.0,4.0,0.0,0.0,0.0,2015,3,20,5
6778,3280,13.0,13.0,67.0,17.0,2.0,0.0,0.0,2.0,2015,10,14,17
5579,63,15.0,15.0,79.5,23.0,3.0,0.0,0.0,1.0,2015,8,25,2
12032,140,13.0,13.0,77.0,6.5,1.0,0.0,1.0,0.0,2016,5,22,5
3425,120,11.5,11.5,67.0,13.0,1.0,0.0,0.0,0.0,2015,5,27,1
12227,458,13.0,13.0,82.0,18.0,3.0,1.0,0.0,0.0,2016,5,30,8
4830,407,14.0,14.0,88.0,15.0,3.0,0.0,0.0,1.0,2015,7,24,21
12488,163,13.5,13.5,85.0,8.0,1.0,0.0,0.0,1.0,2016,6,10,5
7000,635,12.5,12.5,69.5,9.0,4.0,0.0,0.0,2.0,2015,10,23,23
8467,583,10.0,7.0,56.0,25.0,2.0,0.0,0.0,3.0,2015,12,24,16
12968,1635,18.0,18.0,64.0,22.5,2.0,0.0,0.0,1.0,2016,6,30,20
7543,1736,16.0,16.0,72.0,28.0,3.0,0.0,1.0,2.0,2015,11,15,15
13745,3960,18.0,18.0,88.0,18.0,3.0,0.0,0.0,1.0,2016,8,2,8
7367,203,11.0,11.0,94.0,9.0,1.0,0.0,1.0,2.0,2015,11,8,7
4576,65,18.0,18.0,83.0,18.0,4.0,0.0,0.0,1.0,2015,7,14,4
2276,39,7.0,5.0,93.0,11.0,4.0,0.0,0.0,0.0,2015,4,9,4
4009,2186,17.5,17.5,68.0,12.0,4.0,0.0,1.0,1.0,2015,6,20,12
6196,160,12.0,12.0,88.0,7.0,1.0,0.0,1.0,2.0,2015,9,20,4
12630,53,14.0,14.0,82.0,7.0,3.0,0.0,0.0,1.0,2016,6,16,3
91,657,10.0,6.5,79.0,30.5,3.0,0.0,0.0,3.0,2015,1,7,20
558,1913,6.0,3.0,76.0,15.0,1.0,0.0,0.0,3.0,2015,1,27,7
15521,87,14.5,14.5,79.5,11.0,3.0,0.0,0.0,2.0,2016,10,17,1
8658,606,8.0,4.5,84.5,23.0,7.0,1.0,0.0,3.0,2016,1,1,15
3653,2529,24.0,24.0,52.0,25.0,1.0,0.0,0.0,1.0,2015,6,5,16
11089,607,10.5,10.0,74.0,8.0,1.0,0.0,0.0,0.0,2016,4,12,22
3754,971,12.0,12.0,58.0,21.0,4.0,0.0,0.0,1.0,2015,6,9,21
6482,152,11.5,11.5,88.0,5.0,1.0,0.0,0.0,2.0,2015,10,2,2
3110,755,11.5,11.5,79.5,19.5,2.0,0.0,0.0,0.0,2015,5,13,22
9986,1704,1.5,-1.5,72.5,9.0,2.0,0.0,0.0,3.0,2016,2,26,7
3995,1024,17.5,17.5,60.0,14.0,4.0,0.0,0.0,1.0,2015,6,19,22
1567,1944,9.0,6.0,62.0,19.0,1.0,0.0,0.0,0.0,2015,3,10,9
14868,1206,18.0,18.0,78.0,8.0,2.0,0.0,0.0,2.0,2016,9,19,20
10848,187,9.0,7.0,87.0,13.0,7.0,0.0,1.0,0.0,2016,4,2,20
11386,2061,7.5,4.5,76.0,16.0,2.0,0.0,0.0,0.0,2016,4,25,7
6316,89,11.0,11.0,88.0,12.0,1.0,0.0,0.0,2.0,2015,9,25,4
7235,1733,12.0,12.0,88.0,13.0,3.0,0.0,0.0,2.0,2015,11,2,19
10538,137,6.0,4.0,84.0,10.0,3.0,0.0,1.0,0.0,2016,3,20,7
2970,123,10.0,9.0,76.0,9.0,2.0,0.0,0.0,0.0,2015,5,8,2
2278,575,7.0,5.0,93.0,11.0,4.0,0.0,0.0,0.0,2015,4,9,6
4548,419,18.0,18.0,83.0,17.0,1.0,0.0,1.0,1.0,2015,7,12,23
12553,643,17.0,17.0,83.0,7.5,3.0,0.0,1.0,1.0,2016,6,12,22
17047,2648,7.5,6.0,90.0,8.0,4.0,0.0,0.0,3.0,2016,12,19,17
3545,114,10.0,8.0,67.0,18.0,1.0,0.0,0.0,1.0,2015,6,1,1
8765,36,6.5,5.0,90.0,7.5,1.0,0.0,0.0,3.0,2016,1,6,2
10295,45,6.0,4.5,90.0,6.5,4.0,0.0,0.0,0.0,2016,3,10,4
9352,1737,8.0,4.0,50.0,32.0,2.0,0.0,1.0,3.0,2016,1,30,13
3962,1710,19.5,19.5,44.5,13.0,1.0,0.0,0.0,1.0,2015,6,18,13
789,512,2.0,-2.0,75.0,17.0,4.0,0.0,0.0,3.0,2015,2,5,22
14672,3888,22.0,21.0,38.0,13.0,1.0,0.0,1.0,2.0,2016,9,11,16
12402,1845,21.0,21.0,49.5,13.0,1.0,0.0,0.0,1.0,2016,6,6,15
11432,96,4.0,1.0,78.0,14.0,1.0,0.0,0.0,0.0,2016,4,27,5
12443,4672,18.0,18.0,83.0,2.0,1.0,0.0,0.0,1.0,2016,6,8,8
2549,1364,17.0,17.0,40.5,23.0,1.0,0.0,0.0,0.0,2015,4,20,13
14957,1950,20.0,20.0,39.0,10.0,1.0,0.0,0.0,2.0,2016,9,23,13
10210,799,6.0,2.5,66.5,18.0,7.0,0.0,1.0,0.0,2016,3,6,15
15581,1422,13.0,13.0,63.0,18.0,3.0,0.0,0.0,2.0,2016,10,19,13
714,1394,2.0,-1.0,67.5,9.0,1.0,0.0,0.0,3.0,2015,2,2,19
2799,494,8.5,5.5,68.5,16.0,1.0,0.0,0.0,0.0,2015,4,30,23
2417,128,14.0,14.0,63.0,12.0,1.0,0.0,0.0,0.0,2015,4,15,1
265,25,11.0,11.0,82.0,44.5,26.0,0.0,0.0,3.0,2015,1,15,2
11740,149,16.0,16.0,83.0,10.0,3.0,0.0,0.0,0.0,2016,5,10,1
13579,2690,17.0,17.0,73.0,10.0,1.0,0.0,0.0,1.0,2016,7,26,7
13025,107,12.5,12.5,85.0,11.0,1.0,0.0,1.0,1.0,2016,7,3,5
59,550,10.0,8.0,88.0,18.0,3.0,0.0,0.0,3.0,2015,1,6,11
6870,2079,15.0,15.0,63.0,14.0,3.0,0.0,1.0,2.0,2015,10,18,13
5484,103,19.0,19.0,83.0,14.0,4.0,0.0,0.0,1.0,2015,8,21,3
9322,1724,12.0,12.0,72.0,34.0,3.0,0.0,0.0,3.0,2016,1,29,7
3573,113,14.0,14.0,88.0,30.0,7.0,0.0,0.0,1.0,2015,6,2,5
12018,2326,17.5,17.5,68.5,27.0,3.0,0.0,1.0,0.0,2016,5,21,15
6975,666,13.0,13.0,65.0,5.0,4.0,0.0,0.0,2.0,2015,10,22,22
13400,2361,25.5,26.0,59.5,17.0,1.0,0.0,0.0,1.0,2016,7,18,20
6776,1159,13.0,13.0,63.0,20.0,2.0,0.0,0.0,2.0,2015,10,14,15
1676,355,6.0,3.0,81.0,16.0,4.0,0.0,1.0,0.0,2015,3,14,22
3533,695,15.5,15.5,82.5,24.0,7.0,0.0,1.0,0.0,2015,5,31,13
15785,192,14.0,14.0,72.0,24.0,3.0,0.0,0.0,2.0,2016,10,28,1
15470,677,12.0,12.0,77.0,7.0,4.0,0.0,0.0,2.0,2016,10,14,22
9455,881,7.0,4.0,66.0,18.5,1.0,0.0,0.0,3.0,2016,2,3,20
3195,2205,15.5,15.5,45.0,21.0,1.0,0.0,1.0,0.0,2015,5,17,11
9029,115,2.0,2.0,87.0,0.0,26.0,0.0,1.0,3.0,2016,1,17,2
1879,1777,8.5,5.5,60.0,18.5,2.0,0.0,0.0,0.0,2015,3,23,9
11847,2250,11.0,11.0,50.0,17.0,4.0,0.0,1.0,0.0,2016,5,14,12
13582,1386,20.0,20.0,58.0,9.0,2.0,0.0,0.0,1.0,2016,7,26,10
8842,161,9.0,7.5,82.0,11.0,2.0,0.0,1.0,3.0,2016,1,9,7
2468,31,9.0,6.0,71.0,20.0,1.0,0.0,0.0,0.0,2015,4,17,4
536,1844,10.5,9.0,85.0,19.5,3.0,0.0,0.0,3.0,2015,1,26,9
16934,307,7.0,5.0,93.0,13.0,1.0,0.0,0.0,3.0,2016,12,15,0
7256,1802,13.0,13.0,88.0,9.0,2.0,0.0,0.0,2.0,2015,11,3,16
3477,121,11.0,11.0,69.5,19.5,1.0,0.0,0.0,0.0,2015,5,29,5
2510,550,8.5,5.5,68.5,16.0,1.0,0.0,1.0,0.0,2015,4,18,22
17046,1377,7.5,6.0,90.0,8.0,4.0,0.0,0.0,3.0,2016,12,19,16
10885,1782,10.5,9.5,79.5,15.0,2.0,0.0,0.0,0.0,2016,4,4,9
1021,1870,9.5,9.0,69.0,6.5,2.0,0.0,1.0,3.0,2015,2,15,15
12815,1107,20.0,20.0,88.0,11.0,2.0,0.0,0.0,1.0,2016,6,23,20
17121,962,9.0,6.5,71.0,16.0,1.0,0.0,0.0,3.0,2016,12,22,19
15148,768,13.0,13.0,82.0,11.0,7.0,0.0,1.0,2.0,2016,10,1,12
15121,2510,15.5,15.5,65.5,18.5,2.0,0.0,0.0,2.0,2016,9,30,9
7334,646,17.0,17.0,83.0,17.5,3.0,0.0,0.0,2.0,2015,11,6,22
15904,90,7.0,5.0,81.0,9.0,1.0,0.0,0.0,2.0,2016,11,2,1
1050,452,6.0,4.0,87.0,10.0,7.0,0.0,0.0,3.0,2015,2,16,20
7506,226,9.0,6.0,71.0,24.0,1.0,0.0,1.0,2.0,2015,11,14,2
6888,2059,12.0,12.0,88.0,5.0,3.0,0.0,0.0,2.0,2015,10,19,7
9123,120,0.5,-1.0,90.0,5.5,1.0,0.0,0.0,3.0,2016,1,21,0
4661,4115,22.0,22.0,50.0,24.0,2.0,0.0,0.0,1.0,2015,7,17,17
9554,494,8.0,4.0,66.0,32.0,2.0,0.0,0.0,3.0,2016,2,8,6
8844,618,9.5,7.0,82.0,18.0,2.0,0.0,1.0,3.0,2016,1,9,9
10123,115,7.0,3.0,73.5,30.5,7.0,0.0,0.0,0.0,2016,3,3,0
1270,143,10.0,8.0,88.0,16.0,3.0,0.0,0.0,3.0,2015,2,26,0
10984,1306,12.0,12.0,58.0,10.0,3.0,0.0,0.0,0.0,2016,4,8,13
16240,43,14.0,14.0,88.0,18.0,3.0,0.0,0.0,2.0,2016,11,16,2
403,758,4.0,1.0,70.0,14.0,2.0,0.0,0.0,3.0,2015,1,20,20
718,202,0.5,-2.0,69.5,7.0,2.0,0.0,0.0,3.0,2015,2,2,23
7554,44,14.5,14.5,72.5,28.0,7.0,0.0,0.0,2.0,2015,11,16,2
11352,509,8.0,7.5,53.0,5.0,1.0,0.0,1.0,0.0,2016,4,23,21
12647,1246,16.0,16.0,83.0,7.0,7.0,0.0,0.0,1.0,2016,6,16,20
3826,873,18.5,18.5,85.5,9.0,1.0,0.0,0.0,1.0,2015,6,12,21
11017,407,7.0,5.0,71.0,11.0,1.0,0.0,1.0,0.0,2016,4,9,22
4530,106,16.0,16.0,83.0,19.5,1.0,0.0,1.0,1.0,2015,7,12,5
4767,804,17.0,17.0,73.0,13.0,1.0,0.0,0.0,1.0,2015,7,22,6
15325,684,14.0,14.0,67.0,6.5,1.0,0.0,1.0,2.0,2016,10,8,21
14894,799,17.0,17.0,70.5,5.0,4.0,0.0,0.0,2.0,2016,9,20,22
1978,1217,11.5,11.5,44.0,15.0,2.0,0.0,0.0,0.0,2015,3,27,12
3786,136,11.0,11.0,85.0,10.0,1.0,0.0,0.0,1.0,2015,6,11,5
14897,179,16.0,16.0,83.0,7.0,2.0,0.0,0.0,2.0,2016,9,21,1
5108,1304,21.0,21.0,51.5,13.0,2.0,0.0,0.0,1.0,2015,8,5,11
6584,4325,16.0,16.0,94.0,10.0,3.0,0.0,0.0,2.0,2015,10,6,8
16641,1286,7.5,7.0,90.0,5.5,3.0,0.0,0.0,3.0,2016,12,2,19
13591,2982,22.0,22.0,50.0,18.5,2.0,0.0,0.0,1.0,2016,7,26,19
14207,2106,20.5,20.5,53.0,29.0,3.0,0.0,1.0,1.0,2016,8,21,18
4302,4193,24.5,24.5,61.0,18.5,7.0,0.0,0.0,1.0,2015,7,2,17
7592,1277,16.5,16.5,72.5,42.5,3.0,0.0,0.0,2.0,2015,11,17,16
3378,221,12.0,12.0,63.0,11.0,4.0,1.0,0.0,0.0,2015,5,25,2
3849,1485,18.0,18.0,70.5,15.0,3.0,0.0,1.0,1.0,2015,6,13,20
8778,782,8.0,7.5,87.0,5.0,3.0,0.0,0.0,3.0,2016,1,6,15
1123,347,8.0,5.0,87.0,16.0,7.0,0.0,0.0,3.0,2015,2,19,21
9774,830,6.0,2.0,61.0,22.0,3.0,0.0,0.0,3.0,2016,2,17,10
7607,652,14.0,14.0,83.0,35.0,7.0,0.0,0.0,2.0,2015,11,18,15
16479,320,5.0,2.5,93.0,10.0,1.0,0.0,1.0,2.0,2016,11,26,1
1617,958,13.0,13.0,39.5,22.0,1.0,0.0,0.0,0.0,2015,3,12,11
13958,738,16.0,16.0,74.5,19.5,2.0,0.0,0.0,1.0,2016,8,11,6
3113,134,10.0,8.0,82.0,16.0,1.0,0.0,0.0,0.0,2015,5,14,1
3076,1336,17.0,17.0,42.0,28.0,2.0,0.0,0.0,0.0,2015,5,12,12
14335,349,18.5,18.5,64.0,6.5,1.0,0.0,1.0,1.0,2016,8,27,2
1833,1251,8.0,5.0,62.0,22.0,3.0,0.0,1.0,0.0,2015,3,21,11
9552,196,10.0,6.0,82.0,39.0,7.0,0.0,1.0,3.0,2016,2,7,21
7519,314,11.5,11.5,88.0,25.0,7.0,0.0,1.0,2.0,2015,11,14,15
3999,365,14.0,14.0,72.0,9.0,1.0,0.0,1.0,1.0,2015,6,20,2
4534,846,19.0,19.0,70.5,20.5,3.0,0.0,1.0,1.0,2015,7,12,9
10409,409,6.0,3.5,76.0,11.0,1.0,0.0,0.0,0.0,2016,3,14,22
14635,268,18.5,18.5,80.5,11.0,1.0,0.0,1.0,2.0,2016,9,10,3
7922,1720,14.0,14.0,55.0,27.0,3.0,0.0,0.0,3.0,2015,12,1,19
6009,564,17.0,17.0,83.0,14.0,2.0,0.0,1.0,2.0,2015,9,12,8
3858,148,13.0,13.0,88.0,12.0,3.0,0.0,1.0,1.0,2015,6,14,5
5147,150,15.5,15.5,79.5,6.5,3.0,0.0,0.0,1.0,2015,8,7,2
4221,4393,18.5,18.5,60.0,7.0,1.0,0.0,0.0,1.0,2015,6,29,8
16037,409,8.5,5.5,68.5,19.5,2.0,0.0,0.0,2.0,2016,11,7,14
10448,1034,8.0,4.0,53.0,28.0,2.0,0.0,0.0,0.0,2016,3,16,13
6820,1088,12.5,12.5,79.5,19.0,3.0,0.0,0.0,2.0,2015,10,16,11
4206,2506,21.5,21.5,55.0,19.5,2.0,0.0,1.0,1.0,2015,6,28,17
9890,1386,8.0,7.0,96.5,7.0,7.0,0.0,0.0,3.0,2016,2,22,7
1190,237,5.5,0.5,84.0,29.0,7.0,0.0,1.0,3.0,2015,2,22,16
12669,3000,17.5,17.5,72.5,10.0,2.0,0.0,0.0,1.0,2016,6,17,18
14327,3453,26.5,25.5,26.0,9.0,1.0,0.0,0.0,1.0,2016,8,26,18
3189,111,9.0,7.0,76.0,12.0,1.0,0.0,1.0,0.0,2015,5,17,5
2697,1567,11.0,11.0,69.5,11.0,3.0,0.0,1.0,0.0,2015,4,26,17
9156,1261,7.0,4.0,84.0,15.0,7.0,0.0,0.0,3.0,2016,1,22,9
13368,2800,25.0,25.0,61.0,21.0,2.0,0.0,1.0,1.0,2016,7,17,12
12642,1217,18.0,18.0,64.0,14.0,2.0,0.0,0.0,1.0,2016,6,16,15
10254,655,7.5,4.5,53.0,18.0,2.0,0.0,0.0,0.0,2016,3,8,11
1147,478,5.0,2.5,81.0,10.0,2.0,0.0,0.0,3.0,2015,2,20,21
29,81,6.0,5.5,87.0,5.0,4.0,0.0,0.0,3.0,2015,1,5,5
527,115,8.0,5.0,87.0,19.0,7.0,0.0,0.0,3.0,2015,1,26,0
6665,3121,14.0,14.0,72.0,13.0,1.0,0.0,0.0,2.0,2015,10,9,18
14926,837,16.0,16.0,83.0,10.0,3.0,0.0,0.0,2.0,2016,9,22,6
763,827,3.0,-0.5,81.0,15.0,3.0,0.0,0.0,3.0,2015,2,4,20
17390,63,1.0,-2.0,90.0,11.0,1.0,0.0,0.0,3.0,2017,1,3,0
11868,1031,12.5,12.5,59.0,10.0,1.0,0.0,1.0,0.0,2016,5,15,9
2167,1209,8.5,5.5,68.5,18.5,4.0,0.0,1.0,0.0,2015,4,4,15
16441,909,11.0,11.0,77.0,20.5,3.0,0.0,0.0,2.0,2016,11,24,11
3314,1283,16.5,16.5,53.5,14.0,1.0,0.0,0.0,0.0,2015,5,22,10
9356,1110,7.0,4.0,53.0,19.5,2.0,0.0,1.0,3.0,2016,1,30,17
15925,636,6.5,5.5,78.5,6.0,1.0,0.0,0.0,2.0,2016,11,2,22
1032,31,2.0,-0.5,100.0,7.5,26.0,0.0,0.0,3.0,2015,2,16,2
14009,1300,20.0,20.0,64.0,25.0,2.0,0.0,1.0,1.0,2016,8,13,9
9608,908,8.0,5.0,64.0,19.5,3.0,0.0,0.0,3.0,2016,2,10,12
5265,260,17.0,17.0,85.5,9.0,7.0,0.0,0.0,1.0,2015,8,12,0
4414,2309,19.0,19.0,75.5,19.5,3.0,0.0,0.0,1.0,2015,7,7,9
3224,1579,15.0,15.0,48.0,30.5,2.0,0.0,0.0,0.0,2015,5,18,16
8608,1062,13.0,13.0,55.0,29.5,1.0,0.0,0.0,3.0,2015,12,30,13
4071,68,13.5,13.5,69.5,21.0,3.0,0.0,0.0,1.0,2015,6,23,2
4292,2572,20.5,20.5,73.5,12.0,1.0,0.0,0.0,1.0,2015,7,2,7
11162,387,9.5,7.5,84.5,16.0,3.0,0.0,0.0,0.0,2016,4,15,23
3340,1586,13.5,13.5,85.0,24.0,7.0,0.0,1.0,0.0,2015,5,23,12
9804,1469,7.0,4.0,51.0,15.0,2.0,0.0,0.0,3.0,2016,2,18,16
11203,2536,11.0,11.0,39.5,10.0,1.0,0.0,1.0,0.0,2016,4,17,16
12332,3336,13.0,13.0,77.0,11.0,3.0,0.0,0.0,1.0,2016,6,3,17
2683,92,10.0,8.5,94.0,12.0,26.0,0.0,1.0,0.0,2015,4,26,3
16550,110,2.0,1.0,81.0,4.0,1.0,0.0,0.0,2.0,2016,11,29,0
1439,93,4.5,1.5,72.5,11.0,1.0,0.0,0.0,0.0,2015,3,5,1
3502,121,9.5,7.5,79.0,15.0,1.0,0.0,1.0,0.0,2015,5,30,6
2230,456,5.0,4.5,87.0,5.0,1.0,0.0,0.0,0.0,2015,4,7,6
1768,2636,9.0,7.0,68.5,15.0,3.0,0.0,0.0,0.0,2015,3,18,18
15367,1376,13.5,13.5,61.0,13.0,2.0,0.0,0.0,2.0,2016,10,10,15
4683,3471,23.0,22.0,32.0,17.0,1.0,0.0,1.0,1.0,2015,7,18,15
7707,556,5.0,2.5,78.5,10.0,1.0,0.0,1.0,2.0,2015,11,22,19
17301,343,3.0,0.0,100.0,11.0,4.0,0.0,0.0,3.0,2016,12,30,7
1921,34,3.5,1.0,84.0,8.0,1.0,0.0,0.0,0.0,2015,3,25,3
16265,56,9.5,7.0,76.5,19.0,7.0,0.0,0.0,2.0,2016,11,17,3
5611,599,18.5,18.5,83.0,22.0,7.0,0.0,0.0,1.0,2015,8,26,10
484,61,5.5,1.5,73.5,24.0,1.0,0.0,1.0,3.0,2015,1,24,5
6991,1324,14.0,14.0,57.0,14.0,4.0,0.0,0.0,2.0,2015,10,23,14
3424,222,12.5,12.5,67.0,15.0,1.0,0.0,0.0,0.0,2015,5,27,0
12030,253,13.5,13.5,77.0,6.5,7.0,0.0,1.0,0.0,2016,5,22,3
4238,183,18.5,18.5,66.0,7.0,1.0,0.0,0.0,1.0,2015,6,30,1
9626,549,2.0,-1.0,87.0,10.0,1.0,0.0,0.0,3.0,2016,2,11,6
4408,68,18.0,18.0,62.0,7.5,1.0,0.0,0.0,1.0,2015,7,7,3
12073,575,13.5,13.5,85.0,12.0,3.0,0.0,0.0,0.0,2016,5,23,22
9288,700,10.0,7.0,67.0,26.0,2.0,0.0,0.0,3.0,2016,1,27,21
11101,1003,14.0,14.0,52.0,2.0,1.0,0.0,0.0,0.0,2016,4,13,10
14025,575,18.5,18.5,60.0,10.0,3.0,0.0,1.0,1.0,2016,8,14,1
3125,321,10.0,6.0,85.0,35.0,7.0,0.0,0.0,0.0,2015,5,14,13
8671,43,10.0,7.5,88.0,19.5,3.0,0.0,1.0,3.0,2016,1,2,4
3419,2521,17.5,17.5,52.5,16.0,1.0,0.0,0.0,0.0,2015,5,26,19
4881,211,16.0,16.0,83.0,24.0,7.0,0.0,0.0,1.0,2015,7,27,0
9167,669,9.5,7.0,79.0,16.0,1.0,0.0,0.0,3.0,2016,1,22,20
13763,136,20.0,20.0,83.0,23.0,4.0,0.0,0.0,1.0,2016,8,3,2
10815,1035,11.5,11.5,48.5,17.0,1.0,0.0,0.0,0.0,2016,4,1,11
432,81,2.0,2.0,87.0,2.0,2.0,0.0,0.0,3.0,2015,1,22,1
15969,1836,9.0,8.5,87.0,5.0,7.0,0.0,0.0,2.0,2016,11,4,18
1180,95,1.0,-2.0,87.0,11.0,1.0,0.0,1.0,3.0,2015,2,22,6
12525,2216,20.0,20.0,66.5,9.0,2.0,0.0,1.0,1.0,2016,6,11,18
1323,89,8.0,4.5,71.0,22.0,4.0,0.0,1.0,3.0,2015,2,28,5
14131,1771,24.5,24.0,39.0,23.0,1.0,0.0,0.0,1.0,2016,8,18,14
9556,3577,9.0,5.0,58.0,36.0,2.0,0.0,0.0,3.0,2016,2,8,8
16500,504,5.5,4.5,90.0,5.5,1.0,0.0,1.0,2.0,2016,11,26,22
10626,340,9.0,8.0,62.0,9.0,4.0,0.0,0.0,0.0,2016,3,23,23
8025,325,13.0,13.0,69.5,31.5,3.0,0.0,1.0,3.0,2015,12,6,2
5016,3873,22.0,21.0,39.5,18.5,1.0,0.0,1.0,1.0,2015,8,1,15
14990,902,20.0,20.0,60.0,17.0,1.0,0.0,1.0,2.0,2016,9,24,22
14308,657,23.5,23.5,76.0,3.0,1.0,0.0,0.0,1.0,2016,8,25,23
15627,1128,11.5,11.5,79.5,17.0,2.0,0.0,0.0,2.0,2016,10,21,11
4099,733,15.5,15.5,67.5,17.0,1.0,0.0,0.0,1.0,2015,6,24,6
13597,200,18.0,18.0,78.0,18.0,1.0,0.0,0.0,1.0,2016,7,27,1
11152,276,11.5,11.5,85.0,15.0,7.0,0.0,0.0,0.0,2016,4,15,13
8900,2771,7.0,4.0,84.0,18.0,3.0,0.0,0.0,3.0,2016,1,11,17
12526,1224,19.0,19.0,75.5,10.0,7.0,0.0,1.0,1.0,2016,6,11,19
17174,207,11.0,11.0,77.0,35.0,3.0,0.0,1.0,3.0,2016,12,25,0
17127,162,8.0,6.0,87.0,10.0,1.0,0.0,0.0,3.0,2016,12,23,1
6312,326,13.0,13.0,74.5,18.0,1.0,0.0,0.0,2.0,2015,9,25,0
13278,4104,17.0,17.0,56.0,16.0,2.0,0.0,0.0,1.0,2016,7,13,18
11701,2064,23.0,23.0,45.5,18.0,1.0,0.0,1.0,0.0,2016,5,8,10
1434,907,7.5,5.5,64.0,9.0,1.0,0.0,0.0,0.0,2015,3,4,20
9150,38,6.0,3.5,71.0,11.0,4.0,0.0,0.0,3.0,2016,1,22,3
8590,663,10.0,8.0,76.0,13.0,1.0,0.0,0.0,3.0,2015,12,29,19
6876,820,13.0,13.0,88.0,4.0,7.0,0.0,1.0,2.0,2015,10,18,19
15534,1293,16.5,16.5,66.0,20.0,2.0,0.0,0.0,2.0,2016,10,17,14
14058,1350,19.5,19.5,58.0,18.5,2.0,0.0,0.0,1.0,2016,8,15,10
9347,372,9.0,6.0,73.5,22.0,2.0,0.0,1.0,3.0,2016,1,30,8
16545,1608,5.0,2.0,73.0,16.0,1.0,0.0,0.0,2.0,2016,11,28,19
11499,332,7.0,5.0,68.5,11.0,1.0,0.0,1.0,0.0,2016,4,30,0
10067,1430,8.0,7.0,50.0,6.0,2.0,0.0,0.0,3.0,2016,2,29,16
9093,2563,2.5,2.5,60.0,2.0,1.0,0.0,0.0,3.0,2016,1,19,18
7812,58,11.0,11.0,88.0,12.0,4.0,0.0,0.0,2.0,2015,11,27,4
12572,2533,16.5,16.5,80.0,19.0,7.0,0.0,0.0,1.0,2016,6,13,17
986,83,6.5,4.5,84.0,10.0,2.0,0.0,1.0,3.0,2015,2,14,4
9988,1774,3.5,0.5,63.0,11.0,3.0,0.0,0.0,3.0,2016,2,26,9
2752,168,8.5,6.0,68.5,14.0,1.0,0.0,0.0,0.0,2015,4,29,0
6186,2368,17.5,17.5,55.5,5.5,1.0,0.0,1.0,2.0,2015,9,19,18
15249,4279,14.0,14.0,55.0,33.0,1.0,0.0,0.0,2.0,2016,10,5,17
427,890,3.0,0.5,81.0,9.0,4.0,0.0,0.0,3.0,2015,1,21,20
14942,860,16.5,16.5,61.0,12.0,2.0,0.0,0.0,2.0,2016,9,22,22
13095,69,14.0,14.0,63.0,6.0,1.0,0.0,0.0,1.0,2016,7,6,3
6025,603,14.5,14.5,67.5,10.0,1.0,0.0,1.0,2.0,2015,9,13,0
9699,119,4.0,1.0,81.0,13.0,1.0,0.0,1.0,3.0,2016,2,14,7
15656,2356,13.0,13.0,61.0,14.0,3.0,0.0,1.0,2.0,2016,10,22,16
15972,576,8.0,7.0,87.0,7.0,1.0,0.0,0.0,2.0,2016,11,4,21
7435,36,15.0,15.0,68.0,16.0,4.0,0.0,0.0,2.0,2015,11,11,3
5274,2140,17.5,17.5,72.5,15.0,3.0,0.0,0.0,1.0,2015,8,12,9
8123,51,11.0,11.0,72.0,23.0,4.0,0.0,0.0,3.0,2015,12,10,4
1069,1143,9.0,6.5,50.0,16.0,1.0,0.0,0.0,3.0,2015,2,17,15
516,1705,8.0,5.0,66.0,18.0,3.0,0.0,1.0,3.0,2015,1,25,13
9317,71,11.0,11.0,77.0,33.0,2.0,0.0,0.0,3.0,2016,1,29,2
7376,1438,17.0,17.0,83.0,23.0,3.0,0.0,1.0,2.0,2015,11,8,16
13762,166,20.0,20.0,83.0,21.0,4.0,0.0,0.0,1.0,2016,8,3,1
16539,1082,8.0,4.0,51.5,30.5,2.0,0.0,0.0,2.0,2016,11,28,13
16901,959,13.0,13.0,94.0,13.0,4.0,0.0,0.0,3.0,2016,12,13,15
2637,106,8.0,7.0,87.0,6.0,1.0,0.0,0.0,0.0,2015,4,24,5
6679,575,11.5,11.5,85.0,2.0,2.0,0.0,1.0,2.0,2015,10,10,8
9225,520,11.5,11.5,72.0,14.0,1.0,0.0,0.0,3.0,2016,1,25,6
16495,1259,8.5,8.0,79.0,5.0,1.0,0.0,1.0,2.0,2016,11,26,17
16649,158,6.0,5.0,87.0,5.5,4.0,0.0,1.0,3.0,2016,12,3,3
1181,106,1.5,-1.5,84.0,9.0,1.0,0.0,1.0,3.0,2015,2,22,7
9271,27,12.0,12.0,88.0,31.0,7.0,0.0,0.0,3.0,2016,1,27,4
326,1527,6.0,3.0,71.0,18.0,1.0,0.0,1.0,3.0,2015,1,17,15
8859,168,7.0,3.5,81.0,24.5,26.0,0.0,1.0,3.0,2016,1,10,0
10507,353,7.0,5.0,71.0,10.0,4.0,0.0,1.0,0.0,2016,3,19,0
7795,867,10.5,9.5,79.5,10.0,2.0,0.0,0.0,2.0,2015,11,26,11
7826,2161,12.0,12.0,82.0,20.5,2.0,0.0,0.0,2.0,2015,11,27,18
7920,2986,14.0,14.0,63.0,22.0,3.0,0.0,0.0,3.0,2015,12,1,17
4239,101,17.5,17.5,68.0,8.0,1.0,0.0,0.0,1.0,2015,6,30,2
7106,872,13.5,13.5,85.0,15.0,2.0,0.0,0.0,2.0,2015,10,28,10
13446,4953,29.5,28.5,34.0,24.0,1.0,0.0,0.0,1.0,2016,7,20,18
6786,142,10.0,9.0,88.0,9.0,3.0,0.0,0.0,2.0,2015,10,15,1
10776,1111,9.5,7.5,64.0,13.0,2.0,0.0,0.0,0.0,2016,3,30,20
14032,524,17.5,17.5,57.5,5.0,4.0,0.0,1.0,1.0,2016,8,14,8
10874,339,11.0,11.0,94.0,8.0,7.0,0.0,1.0,0.0,2016,4,3,22
3875,597,13.0,13.0,82.0,16.0,4.0,0.0,1.0,1.0,2015,6,14,22
4939,1256,16.5,16.5,53.5,21.0,2.0,0.0,0.0,1.0,2015,7,29,10
10666,2881,15.0,15.0,40.5,8.5,1.0,1.0,0.0,0.0,2016,3,25,15
14740,1819,26.5,27.0,54.5,15.5,1.0,0.0,0.0,2.0,2016,9,14,12
15467,1635,13.0,13.0,72.0,14.0,2.0,0.0,0.0,2.0,2016,10,14,19
622,314,3.0,-2.0,75.0,25.0,3.0,0.0,0.0,3.0,2015,1,29,23
16797,1822,13.0,13.0,88.0,14.0,3.0,0.0,0.0,3.0,2016,12,9,7
4486,2640,20.5,20.5,43.0,12.0,1.0,0.0,0.0,1.0,2015,7,10,9
9425,919,10.0,6.0,47.0,39.0,2.0,0.0,0.0,3.0,2016,2,2,14
4943,1522,18.5,18.5,47.5,22.0,2.0,0.0,0.0,1.0,2015,7,29,14
3063,397,15.0,15.0,57.0,19.0,1.0,0.0,0.0,0.0,2015,5,11,23
16135,1857,9.0,8.0,64.0,8.0,1.0,0.0,0.0,2.0,2016,11,11,16
10386,158,5.0,2.0,84.0,14.0,4.0,0.0,1.0,0.0,2016,3,13,23
16112,2802,9.5,6.5,69.0,21.0,2.0,0.0,0.0,2.0,2016,11,10,17
9120,601,1.0,1.0,90.0,4.0,1.0,0.0,0.0,3.0,2016,1,20,21
16319,882,5.0,1.5,81.0,18.0,1.0,0.0,1.0,2.0,2016,11,19,9
7820,1230,13.0,13.0,88.0,19.5,7.0,0.0,0.0,2.0,2015,11,27,12
17080,76,8.0,5.5,87.0,16.0,7.0,0.0,0.0,3.0,2016,12,21,2
13365,1002,22.5,22.5,71.0,13.0,2.0,0.0,1.0,1.0,2016,7,17,9
460,80,-1.0,-3.0,86.0,6.0,4.0,0.0,0.0,3.0,2015,1,23,5
2134,75,6.5,4.5,93.0,8.0,7.0,1.0,0.0,0.0,2015,4,3,5
4394,1619,22.0,21.0,47.0,17.0,3.0,0.0,0.0,1.0,2015,7,6,13
5151,712,15.0,15.0,70.0,4.0,2.0,0.0,0.0,1.0,2015,8,7,6
14210,710,18.0,18.0,83.0,19.5,3.0,0.0,1.0,1.0,2016,8,21,21
10827,526,9.0,7.0,64.0,12.0,1.0,0.0,0.0,0.0,2016,4,1,23
3606,1437,19.0,19.0,39.0,19.5,1.0,0.0,0.0,1.0,2015,6,3,14
15245,1518,16.0,16.0,48.0,39.0,2.0,0.0,0.0,2.0,2016,10,5,13
15208,160,13.0,13.0,82.0,6.0,2.0,0.0,0.0,2.0,2016,10,4,0
10385,284,5.0,2.0,81.0,16.0,4.0,0.0,1.0,0.0,2016,3,13,22
10839,2067,13.5,13.5,44.0,20.0,2.0,0.0,1.0,0.0,2016,4,2,11
418,666,3.0,-1.0,87.0,16.0,3.0,0.0,0.0,3.0,2015,1,21,11
4873,786,15.0,15.0,88.0,19.5,7.0,0.0,1.0,1.0,2015,7,26,16
17197,662,13.0,13.0,79.5,28.0,4.0,0.0,1.0,3.0,2016,12,25,23
2491,153,7.0,4.0,76.0,15.0,3.0,0.0,1.0,0.0,2015,4,18,3
2220,656,9.0,7.0,71.0,15.0,3.0,1.0,0.0,0.0,2015,4,6,20
4614,4037,22.0,22.0,61.0,8.5,3.0,0.0,0.0,1.0,2015,7,15,18
12389,93,12.0,12.0,94.0,10.0,3.0,0.0,0.0,1.0,2016,6,6,2
10578,253,6.5,6.0,73.5,5.0,1.0,0.0,0.0,0.0,2016,3,21,23
8212,69,8.5,6.5,87.0,10.0,3.0,0.0,0.0,3.0,2015,12,14,1
1545,770,9.0,6.0,87.0,19.0,3.0,0.0,0.0,0.0,2015,3,9,11
1384,2470,7.0,3.0,47.5,27.5,2.0,0.0,0.0,0.0,2015,3,2,18
1298,43,3.0,-1.0,75.0,16.0,1.0,0.0,0.0,3.0,2015,2,27,4
