NA_Sales,EU_Sales,JP_Sales,Other_Sales,Global_Sales,Critic_Score,Critic_Count,User_Score,User_Count
0.27228054,0.14599524,0.031762414,0.053693347,0.51865894,67.86855,25.90781,7.0317326,85.08366
0.29252365,0.15065421,0.03301509,0.055386547,0.5397936,69.18345,27.122778,7.166067,103.04711
0.25919265,0.1370766,0.028944718,0.05115427,0.47950956,66.5571,25.126984,6.8928437,85.456924
0.33973807,0.16006759,0.051173624,0.06609216,0.69184023,72.54258,29.303411,7.4018607,187.72118
0.21488965,0.116534345,0.022686312,0.044918608,0.3886147,62.871315,22.47619,6.5076966,67.14035
0.2782785,0.14064158,0.041131813,0.048368722,0.5113944,69.22611,26.459902,7.1980505,88.26806
0.19665082,0.11031386,0.020870043,0.042898405,0.36084464,61.52862,21.383125,6.3688416,55.060802
0.6928202,0.59832036,0.18450943,0.17875417,1.5919812,77.274315,42.484894,7.3644533,588.4375
0.29799914,0.12212348,0.037365317,0.04685456,0.5926011,70.82597,27.515583,7.295958,117.12426
0.26164117,0.13919052,0.029623298,0.051738195,0.48875523,66.837234,25.272707,6.922751,84.483284
0.23234871,0.11810278,0.028359203,0.046558935,0.44941765,66.05771,24.019955,6.8285427,82.4685
0.2748912,0.14562774,0.03159478,0.053674906,0.5172062,67.962494,26.065268,7.0405254,89.365685
0.32899305,0.16512248,0.035985354,0.070853986,0.6538809,71.55978,28.587551,7.3110332,169.82166
0.47180408,0.2919126,0.08222029,0.10596159,0.93848187,75.03608,34.664883,7.5349736,312.40485
0.31697592,0.12696865,0.050099235,0.052777313,0.6584384,71.82456,28.397108,7.3573465,163.51419
0.15857847,0.07670345,0.027462577,0.028089384,0.25993702,60.722824,19.742584,6.3098464,46.62688
2.0349536,1.434347,0.4881305,0.4514403,4.182159,83.89697,54.468384,7.762702,1182.9001
0.25404656,0.1338346,0.03236442,0.04506559,0.43648443,68.018074,25.212978,7.0738554,71.46215
0.2843954,0.15166922,0.03349306,0.05541236,0.5437587,68.88087,26.632635,7.1375513,89.977554
0.31771028,0.16576022,0.04532969,0.06562463,0.6290202,71.3755,28.372953,7.3359246,151.19968
0.2886545,0.13434473,0.037794836,0.04899915,0.5461242,69.89619,26.918564,7.230397,103.917534
0.413717,0.2342278,0.06240629,0.080677286,0.7362532,73.514435,31.626951,7.52978,193.73108
0.28478512,0.15028048,0.033014584,0.0550834,0.5377861,68.7907,26.6572,7.1271114,93.323975
0.30372804,0.15951303,0.036066476,0.05812381,0.57530564,70.33315,27.773933,7.2846603,104.159256
0.22431661,0.11573261,0.029646588,0.03923316,0.37850547,66.07744,23.61794,6.8692317,62.07588
0.25465137,0.1357699,0.028574826,0.050710466,0.4736398,66.24169,24.85463,6.860403,81.957855
0.27741078,0.1426758,0.03390489,0.053503715,0.53746057,69.2377,26.52473,7.166231,95.59306
0.29014856,0.1284749,0.0370135,0.048027247,0.55906963,70.174324,27.042032,7.243496,109.91097
0.25766796,0.1310428,0.037374854,0.04459711,0.45952117,67.94525,25.34496,7.0666833,77.77392
0.31710702,0.16489364,0.04523053,0.06539335,0.6286233,71.36705,28.35214,7.3347297,151.10995
0.23210762,0.116924725,0.028578667,0.046352725,0.45035657,66.20912,24.06246,6.8427777,83.94953
0.40348306,0.3216344,0.06727802,0.09645416,0.7531788,73.520424,33.36045,7.452135,223.8608
0.29891983,0.1587723,0.036495756,0.058048703,0.5742082,70.19391,27.516075,7.2678604,101.26352
0.20549908,0.10989983,0.02352208,0.04346108,0.38828447,63.126793,22.183578,6.528645,65.104744
0.25856397,0.13423227,0.027988149,0.0504415,0.4672046,66.305405,25.091396,6.864887,90.37818
0.2586643,0.1368656,0.028881649,0.051088203,0.47857216,66.5158,25.095343,6.88855,85.16951
0.26271632,0.13424009,0.0372477,0.045465805,0.46769738,68.394264,25.653215,7.113487,78.610214
0.28342223,0.1461809,0.031643353,0.054043606,0.5200279,68.40647,26.57841,7.084713,99.798225
0.37980413,0.24399969,0.05464811,0.08092059,0.6362478,71.99821,30.300573,7.452572,145.23515
0.29671255,0.15635662,0.036654253,0.05758826,0.57161564,70.25352,27.462309,7.27096,103.26362
0.4039152,0.32872406,0.07163797,0.100274324,0.7946518,73.997536,34.722782,7.4425397,260.2477
0.2822184,0.14194815,0.035293933,0.053703588,0.551366,70.11598,26.970879,7.2535977,101.957924
0.20044498,0.103419594,0.026111884,0.03530646,0.32681012,64.48451,22.30969,6.7018585,53.21072
0.4250746,0.30565163,0.07108284,0.0967207,0.79827917,73.65374,33.31126,7.4660034,232.81891
0.2406143,0.12115084,0.03646491,0.041721236,0.42768028,66.60019,24.35202,6.926047,73.35849
0.27568313,0.14402981,0.038666543,0.049096655,0.49233684,68.883286,26.220297,7.1671004,83.417625
0.2837075,0.11949635,0.028993519,0.043251578,0.54324293,70.05161,26.82946,7.2425117,87.33444
0.22981511,0.122816384,0.024577646,0.046863224,0.41648138,64.06316,23.369734,6.631825,74.607086
0.22301601,0.11457663,0.030169172,0.038987935,0.3779427,65.898964,23.520838,6.8507853,62.442036
0.27616125,0.14460665,0.031226931,0.053459965,0.5128654,67.94241,26.14254,7.037383,93.15826
0.31382355,0.16148575,0.036811795,0.05916645,0.58080477,70.88781,28.36259,7.33665,118.0361
0.24344307,0.1291873,0.02652047,0.048794065,0.44466558,65.201,24.1851,6.7507567,80.13604
0.2384086,0.12015392,0.035930846,0.0413675,0.4222499,66.47961,24.238634,6.9132876,72.29304
0.20312954,0.09918866,0.03094617,0.03749341,0.370216,64.075714,22.347763,6.6442575,68.89945
0.23385857,0.12528591,0.02703095,0.047819,0.44379976,65.14077,23.76415,6.742374,73.48129
1.9977412,1.4102237,0.48091766,0.44290945,4.1154633,83.83868,54.483166,7.7585483,1174.6442
0.31445265,0.16538979,0.03878084,0.06091073,0.58808863,71.021866,28.349657,7.3415437,122.404305
0.25031367,0.13557206,0.02857848,0.050543398,0.4725649,66.02246,24.59365,6.8386707,76.484085
0.29868695,0.13362882,0.030665318,0.051695358,0.5800528,70.572464,27.42877,7.2706747,111.35629
0.38938722,0.27425775,0.0582974,0.08596609,0.68851215,72.49404,31.810972,7.4433913,178.49731
0.45451066,0.245582,0.075381845,0.08662203,0.8097484,74.416626,32.884373,7.5798397,244.16167
0.31785646,0.16916734,0.040614735,0.0626446,0.5956564,71.29078,28.507288,7.3604336,129.96709
0.17688231,0.083549835,0.023098195,0.036912434,0.34427017,62.797077,21.146437,6.4778066,71.76172
0.30829135,0.16228993,0.037361953,0.05943238,0.5812521,70.63347,28.015276,7.3089848,112.17857
0.314671,0.1389967,0.040577635,0.057209488,0.6338109,71.38067,28.157784,7.3192573,149.58415
0.8974634,0.7096447,0.23137763,0.22833435,2.072697,79.13758,44.850433,7.442738,735.27765
0.330718,0.1484515,0.049855873,0.06295518,0.68461853,72.38719,28.988615,7.3836155,185.52155
0.22684547,0.1155279,0.032245804,0.039551783,0.39099243,65.96095,23.676184,6.857946,65.656456
0.22071709,0.120826535,0.02476926,0.046230964,0.41447702,63.777767,22.889084,6.602402,65.64153
0.25945294,0.13854444,0.029439447,0.051520336,0.48585626,66.683975,25.141485,6.9069753,82.83044
0.42675617,0.313594,0.07276193,0.09852137,0.80662805,73.65659,33.510155,7.4582314,238.23898
0.32286215,0.17085762,0.04134637,0.06347787,0.5996904,71.58454,28.789822,7.3865237,137.5076
0.4495182,0.36776128,0.09108264,0.114336945,0.93039274,74.230064,35.799477,7.4056087,313.06354
0.5376655,0.4304028,0.13982818,0.14298142,1.308916,76.96299,40.58023,7.4345627,519.2622
1.6158903,1.1510676,0.39104143,0.3695637,3.4587297,82.585335,50.83718,7.668528,1029.7855
0.30477494,0.15746191,0.035128903,0.05738653,0.56979215,70.29072,27.854914,7.2825027,105.82487
0.2596994,0.13826108,0.02933908,0.051457785,0.4846459,66.673416,25.156548,6.905614,83.7394
0.4855305,0.32121384,0.09121739,0.114316665,1.0135812,75.357666,35.861366,7.5160403,348.39548
0.3143768,0.16465944,0.038411383,0.060585108,0.58673376,70.99887,28.354624,7.34084,121.637085
0.2532822,0.13276781,0.027576687,0.049938865,0.46061653,65.942894,24.77459,6.827645,86.196236
0.4644732,0.27598193,0.079350784,0.101087965,0.8997271,74.91579,34.049263,7.543803,297.76392
0.32261983,0.12965116,0.053051744,0.05466358,0.6748352,72.0838,28.644356,7.373454,175.00423
0.28918266,0.15073945,0.03496218,0.055583566,0.5582455,69.80382,27.091236,7.229244,96.584404
0.30746433,0.12454015,0.04371671,0.049808696,0.6254393,71.32405,27.955267,7.3265777,140.26254
0.29393393,0.153118,0.037253223,0.05716468,0.5688357,70.41094,27.415594,7.280538,108.18107
0.30359077,0.16056463,0.036604684,0.058588594,0.5772106,70.35399,27.75178,7.284425,104.96979
0.28808278,0.15175965,0.034441162,0.055675745,0.553914,69.46549,26.943562,7.1961703,93.86282
0.35137585,0.23283081,0.0383089,0.07224302,0.61400855,71.07023,30.453888,7.338223,131.78815
0.13621528,0.062758096,0.017223837,0.031271264,0.2655268,59.743862,18.832445,6.152918,58.799946
0.26370305,0.13775961,0.031608745,0.051804494,0.5072308,67.85856,25.626095,7.024285,87.80772
0.45163897,0.24557628,0.072874755,0.090397164,0.81852156,74.55999,32.844707,7.567489,258.1925
0.30700397,0.13657537,0.046215072,0.05201713,0.60768795,70.90461,27.838331,7.3132,130.64323
0.5117885,0.45730668,0.13638616,0.13386251,1.193652,76.008896,39.893074,7.3603163,463.09946
0.3949985,0.22250114,0.0475023,0.090985276,0.7453951,72.919,30.825537,7.4233713,217.83176
0.30139524,0.15392809,0.033982906,0.056429878,0.5543721,69.855934,27.65426,7.235794,108.419205
0.15721701,0.07857422,0.023467949,0.028031433,0.24503629,61.118286,19.804962,6.3497725,41.617847
0.26258147,0.14123665,0.030303435,0.05226429,0.49763206,67.04123,25.327692,6.9451118,81.60414
0.34070417,0.14605239,0.05546048,0.057410423,0.6842522,72.30049,29.18761,7.4016366,175.82204
0.4670541,0.3639584,0.10145533,0.112205565,1.0068389,75.1307,36.481678,7.431435,350.64264
0.52496845,0.4055011,0.116375156,0.13846907,1.2288675,76.26324,39.290665,7.4621005,450.1635
0.21427259,0.115437254,0.022323458,0.044633448,0.38384923,62.75663,22.439913,6.495187,68.531204
0.26105767,0.13978387,0.02983453,0.05186734,0.49128607,66.85618,25.237112,6.9252906,82.48861
0.7283369,0.6197152,0.19445804,0.19487993,1.7022084,78.023544,43.238743,7.3613205,657.76965
0.21701132,0.107806526,0.03469462,0.03776327,0.38200146,64.80408,22.996208,6.7380643,66.640755
0.28537393,0.13439576,0.036765393,0.04879655,0.53511935,69.70541,26.74521,7.2127995,101.045044
0.52809346,0.4780217,0.14493303,0.14649083,1.2755864,76.61642,40.901833,7.3405695,525.31616
0.40123397,0.28633565,0.06037529,0.08959824,0.6776996,72.648285,31.713339,7.4735646,171.91
0.3187664,0.17350826,0.042798746,0.06458755,0.6037946,71.450325,28.505716,7.3669405,135.0754
0.28256053,0.14984024,0.0335016,0.05500108,0.54165363,68.90007,26.57828,7.1380506,90.635925
0.5000486,0.3998547,0.1227559,0.13872433,1.1885436,75.98763,39.840122,7.3781786,472.16577
0.31687048,0.16989751,0.041011166,0.06295264,0.5968135,71.260895,28.437689,7.35576,129.46692
0.29186344,0.15477937,0.03442815,0.05637725,0.5575592,69.47463,27.079754,7.199368,93.78073
0.5047078,0.4199243,0.12744452,0.13112774,1.1578051,76.07375,38.85457,7.392339,455.97577
0.40106905,0.20413081,0.06319314,0.075318,0.7454887,73.25976,31.09146,7.4835057,208.80063
0.28348836,0.123556815,0.03375399,0.0466376,0.54338723,69.950195,26.729712,7.2127423,107.53216
0.40986344,0.23408823,0.04667039,0.09476409,0.7681807,73.14701,31.358286,7.462657,214.1694
0.18824044,0.095965646,0.026013149,0.033224158,0.30576405,63.451077,21.579138,6.594006,50.70676
0.44929138,0.33488587,0.0867722,0.105595246,0.9253546,74.57258,35.103794,7.4479885,300.86832
0.2946746,0.15399027,0.037075423,0.057270505,0.56955475,70.365234,27.427094,7.277727,106.76122
0.45533672,0.27737078,0.05420519,0.10527125,0.8403907,73.88585,33.157745,7.5423293,228.46817
0.25030604,0.12395123,0.032680687,0.047815055,0.48421866,67.87402,25.184393,7.021208,91.514435
0.3172131,0.17093986,0.041532435,0.063421234,0.59879076,71.30539,28.444868,7.357951,130.84174
0.24306226,0.1241315,0.029633297,0.04824018,0.4700986,66.783745,24.605505,6.90597,85.31247
0.32413718,0.14660884,0.04875148,0.0641613,0.68395793,72.368256,28.839748,7.3770885,187.662
0.2568704,0.13484165,0.030575486,0.050882008,0.49279273,67.24635,25.203142,6.960697,84.619965
0.21451376,0.10442782,0.02710451,0.043172307,0.4198919,65.434685,23.239563,6.755426,83.127914
0.34902474,0.153304,0.056703713,0.059048213,0.6903752,72.38701,29.430851,7.412457,177.81168
0.2903337,0.12608534,0.028480234,0.04687894,0.5582046,70.271255,27.097454,7.2567897,94.4938
0.37945673,0.21105823,0.05644245,0.07631925,0.7011829,72.8094,30.50007,7.46381,180.96642
0.29413834,0.15278623,0.033713415,0.055952087,0.54907495,69.42582,27.21829,7.1922913,100.90729
0.3543476,0.16807772,0.05218978,0.06746739,0.69751585,72.3999,29.567911,7.3976207,187.99124
0.25184813,0.13424921,0.028103719,0.050261885,0.46693525,65.99123,24.687078,6.834087,81.24726
0.25903234,0.13491915,0.028213983,0.05062229,0.47019246,66.381065,25.11905,6.873098,89.61844
0.313728,0.16428672,0.038238447,0.06040886,0.58592886,70.95676,28.32002,7.3373914,120.51737
0.4952906,0.42363766,0.12410088,0.12489234,1.1210749,75.641045,38.638607,7.3871913,417.95276
0.29186812,0.15393811,0.03414214,0.056171652,0.55392945,69.40914,27.0807,7.1919775,95.494415
0.34269094,0.19816487,0.046850655,0.0695448,0.61065584,71.96441,29.345695,7.4290667,140.9623
0.30927828,0.16759562,0.04242498,0.0639322,0.5974761,70.8322,27.97245,7.308281,130.55049
0.2874757,0.1520082,0.03355788,0.055579532,0.5453782,69.05205,26.817804,7.1547327,93.46181
0.31127483,0.16232829,0.037305262,0.059498616,0.5818774,70.78305,28.196388,7.324111,115.774895
0.3885488,0.19797336,0.059165306,0.07306168,0.7276193,73.17966,30.756104,7.4726224,199.51933
0.24384406,0.123718105,0.035614334,0.042310663,0.43048733,66.98608,24.577015,6.966023,72.98024
0.28748655,0.14873993,0.03244675,0.054780606,0.5312771,68.797295,26.821056,7.1259894,100.10951
0.33118376,0.18187205,0.027221514,0.07814847,0.6401395,71.26106,28.519602,7.27881,164.5317
0.3282221,0.18228807,0.044739053,0.066791184,0.6092495,71.76784,28.881222,7.398429,141.30315
0.50707716,0.44444725,0.13546231,0.13341062,1.1886439,75.99724,40.051346,7.363619,465.68436
0.17087907,0.09210547,0.01593162,0.030697009,0.24449907,63.255527,20.898928,6.5702395,35.34177
0.45030525,0.24409603,0.07461263,0.090827,0.82852536,74.69366,32.90451,7.565009,268.22733
0.27586606,0.13347757,0.03355387,0.0480153,0.5046711,69.18734,26.250906,7.1627245,93.574295
0.218095,0.108545505,0.027029848,0.044073932,0.42397252,65.33902,23.322985,6.7490807,80.96208
0.25034675,0.13410561,0.02807944,0.05018569,0.46623912,65.90948,24.596806,6.8259034,79.5051
0.23033424,0.11602847,0.034677196,0.040041864,0.40458158,65.94826,23.798227,6.8574324,69.22552
0.2987834,0.15817876,0.035514288,0.057449654,0.57193655,70.051796,27.490444,7.2590346,97.02139
0.36147335,0.22723421,0.05092877,0.07587866,0.6470779,72.081345,30.456238,7.4245744,158.8363
0.31222904,0.16297822,0.037611403,0.05980302,0.5832481,70.84768,28.245945,7.329228,117.51605
0.48950252,0.3317014,0.08002048,0.11966778,1.0256618,75.08381,36.04085,7.5197043,326.151
0.4778523,0.30468276,0.08715179,0.10943749,0.9722489,75.20349,35.20377,7.5259905,330.552
0.26267532,0.13511178,0.036227588,0.045613,0.46427497,68.488846,25.675592,7.123171,77.43457
0.24368894,0.12307503,0.036421537,0.04224881,0.4327674,66.86929,24.538532,6.9541078,73.90828
0.3877726,0.27120012,0.057925135,0.08652037,0.6962542,72.44583,31.964375,7.43163,184.75922
0.23910075,0.1208321,0.029416936,0.047445633,0.4638933,66.68751,24.446156,6.893744,85.84713
0.3074637,0.1662821,0.039413016,0.06119178,0.5884268,70.6973,27.912512,7.3065395,114.88996
0.2920395,0.15459454,0.034362447,0.056336865,0.55677044,69.46846,27.090498,7.1985507,94.39438
0.31170756,0.16402943,0.038159195,0.06026128,0.5850808,70.84937,28.200407,7.3270464,117.86765
0.31353974,0.12609132,0.047793478,0.051704857,0.64651704,71.643745,28.237488,7.346231,155.11426
0.51296014,0.38097832,0.100872144,0.13278206,1.1578312,75.778984,38.15173,7.4837203,400.61624
0.3044518,0.16190714,0.03726532,0.059199024,0.5798352,70.43219,27.786575,7.2893724,107.24133
0.26847458,0.1378423,0.03279575,0.052132886,0.5199476,68.600716,26.0259,7.0986586,92.93175
0.26358944,0.13779506,0.029117053,0.05145026,0.48283365,66.81977,25.391106,6.9194355,89.9542
0.4663654,0.30142954,0.056948874,0.11342787,0.92334586,74.35358,34.372574,7.5313516,259.51367
0.28301698,0.14840886,0.032407336,0.054577343,0.52962077,68.56146,26.552242,7.102475,94.72742
0.2887688,0.14986084,0.03280682,0.055089787,0.5361788,68.945076,26.897358,7.141773,99.571434
0.2966739,0.1568981,0.0350697,0.057026982,0.5669461,69.866104,27.367668,7.2402024,95.99651
0.21209249,0.10312336,0.026802743,0.042801723,0.41513976,65.26126,23.104128,6.7370377,82.39913
0.306794,0.16250303,0.037508518,0.059502315,0.58136475,70.56451,27.921331,7.3014946,110.588905
0.48499256,0.38366833,0.11504497,0.11694362,1.0586286,75.46894,37.397743,7.4254737,388.60117
0.43905842,0.24900688,0.066557564,0.08156065,0.7510232,73.78907,32.327118,7.562735,196.59935
0.29014906,0.15280572,0.033785295,0.055847697,0.5489557,69.23994,26.978113,7.174079,95.464294
0.3107971,0.16458796,0.038466442,0.06049432,0.5859368,70.818726,28.137653,7.3226795,117.29846
0.29036218,0.15056701,0.033020817,0.05530608,0.53930706,69.07509,26.992722,7.155338,100.29655
0.28760937,0.1502357,0.0329532,0.055149738,0.53773725,68.91989,26.827261,7.139733,97.240166
1.2050358,0.9117203,0.29935497,0.29061747,2.6403446,80.55448,46.90719,7.498737,865.3806
0.4453521,0.25843602,0.056907073,0.09833563,0.80229825,73.76747,32.50215,7.5322056,226.5622
0.25498706,0.13694711,0.028969483,0.051007524,0.4787361,66.34941,24.873901,6.872321,80.023445
0.16331655,0.084571905,0.020167345,0.029218687,0.2449982,62.064266,20.29106,6.4473667,38.891865
0.4582572,0.35368142,0.09392646,0.110562034,0.9748342,74.886116,35.91511,7.4333973,330.15387
0.2515064,0.1251762,0.031520024,0.048966467,0.49139306,67.95257,25.265045,7.023818,93.048836
0.30014998,0.122672625,0.03880859,0.047525845,0.6000632,70.939156,27.615496,7.302916,122.38215
0.44043675,0.25275403,0.062122755,0.09491637,0.789445,73.82678,32.31566,7.514885,238.32617
0.5483673,0.48347858,0.15343924,0.15726438,1.4052156,77.40367,42.227413,7.3674927,582.3333
0.3052958,0.16164699,0.0371115,0.059097424,0.5795146,70.46738,27.841366,7.2935333,108.00768
0.41247398,0.21446562,0.0650496,0.07831662,0.75744003,73.45742,31.458113,7.5009294,215.00336
0.31165868,0.16438796,0.038342774,0.0604197,0.58572984,70.85637,28.192726,7.326956,118.141464
0.23247646,0.116432905,0.028789053,0.046297614,0.45201072,66.34668,24.11998,6.8561645,85.08421
0.40754595,0.34481815,0.07575717,0.102750786,0.82219666,74.34748,35.751846,7.437235,280.95502
0.31333014,0.16729185,0.03977665,0.061736982,0.59137154,71.01602,28.256369,7.3366904,122.82708
0.4151365,0.22502534,0.06308088,0.07751328,0.7393674,73.48601,31.578815,7.519732,197.4438
0.19119959,0.10379977,0.01715236,0.03411781,0.28286955,64.84075,22.077147,6.736036,40.765095
1.7160355,1.220947,0.41657785,0.38823438,3.6334362,82.92465,52.229137,7.6986556,1070.1328
0.31427413,0.17039458,0.041330222,0.06313058,0.5972431,71.14468,28.273117,7.3428283,126.82876
0.2151178,0.11112206,0.028086705,0.037728682,0.3579617,65.48897,23.120958,6.8073153,58.4249
0.38662434,0.25892007,0.05603559,0.08184621,0.6502464,72.44837,31.13246,7.47839,156.49287
0.19794029,0.108252324,0.022002714,0.04269587,0.37018234,62.195156,21.63124,6.4340715,59.235394
0.30977076,0.13150167,0.041236207,0.0531306,0.6250407,71.28246,27.995605,7.318566,141.7106
0.30223477,0.16179554,0.037265174,0.059112906,0.579218,70.31885,27.653084,7.2780957,104.4919
0.27565902,0.14544941,0.031521622,0.05365231,0.51647604,67.984634,26.111631,7.042493,90.76745
0.32100195,0.17585902,0.04542955,0.06762706,0.6215807,71.25047,28.440033,7.3370576,144.9633
0.2926989,0.1526556,0.03369256,0.055880774,0.5484383,69.348,27.131735,7.1845074,99.2225
0.17427789,0.086893104,0.026703445,0.03080676,0.28421754,62.165806,20.714344,6.4601417,48.79578
0.43699986,0.24566352,0.067286916,0.08139565,0.7550759,73.88257,32.301117,7.562321,202.52467
0.44936284,0.26477286,0.08280267,0.09647911,0.87889546,74.993904,33.63599,7.529442,304.24753
0.26054564,0.123719655,0.025536602,0.04452947,0.46511373,68.61145,25.532951,7.0960197,81.77216
0.43561742,0.23747364,0.068198025,0.08436315,0.7795336,73.98509,32.25933,7.5450873,226.29002
0.29569414,0.15284091,0.033706546,0.05600803,0.5493904,69.50318,27.311909,7.199943,102.9036
0.28172916,0.14634982,0.031728413,0.054038595,0.52067065,68.34013,26.476349,7.078399,97.16198
0.27330902,0.14140423,0.030184982,0.05259879,0.49890196,67.55828,25.973372,6.996024,95.7943
0.48512632,0.32153538,0.082815185,0.1158003,1.0056792,75.13185,35.727818,7.521989,328.07858
0.27473575,0.14199755,0.033389896,0.05321753,0.5311826,68.923325,26.334347,7.1342216,93.65712
0.28207105,0.13626379,0.03611744,0.04892322,0.5215746,69.453896,26.556845,7.1935024,96.69731
0.2188859,0.11319863,0.026122103,0.044877827,0.41983026,64.71541,23.141424,6.6902947,74.934586
0.24147974,0.13094623,0.027610747,0.04923657,0.45666337,65.436485,24.107409,6.776426,73.471085
0.25399426,0.1332965,0.02774478,0.05008764,0.462934,66.01763,24.817034,6.8355837,86.087616
0.23986588,0.119438894,0.035873935,0.042848364,0.43951097,66.59972,24.360792,6.915302,78.483154
0.20351137,0.11251028,0.022397941,0.043751538,0.37942395,62.39199,21.875748,6.4571223,59.049778
0.16975182,0.08951823,0.0043541095,0.033426452,0.25217733,59.33258,20.055098,6.1690803,26.075003
0.28358066,0.11900667,0.027333325,0.042584974,0.54183406,70.05282,26.839886,7.247945,81.50619
0.31848213,0.15579249,0.046366554,0.06439338,0.64933854,71.73936,28.495466,7.3485637,165.18602
0.43569255,0.23550615,0.07151382,0.085703336,0.79593045,74.46387,32.42419,7.559293,247.3508
0.3067237,0.15707174,0.04294094,0.062390584,0.6091053,70.99543,27.932491,7.307048,140.6829
0.22146046,0.11135196,0.033509854,0.038575783,0.38582686,65.33732,23.306616,6.793303,66.10414
0.23874825,0.11745912,0.03068264,0.04646604,0.4648554,67.134224,24.575579,6.938748,89.50376
0.42861503,0.24005775,0.06174764,0.0902964,0.7760767,73.64971,31.93949,7.5002775,231.80986
0.41550702,0.23916127,0.061933797,0.08190593,0.73572254,73.60384,31.720957,7.5371914,193.26215
0.37695706,0.19105037,0.054526594,0.07516478,0.72159874,72.771935,30.28627,7.4264274,202.10678
0.29795173,0.15437365,0.03419068,0.05644462,0.5561189,69.72896,27.446602,7.2238507,102.8507
0.30580822,0.16433595,0.040432956,0.0615253,0.5884999,70.795296,27.87609,7.3101444,121.253845
0.41610426,0.2528906,0.06220012,0.08499258,0.75348157,73.698326,32.0911,7.5182962,202.63234
0.19812717,0.11064359,0.020958012,0.043019433,0.36234263,61.623734,21.471745,6.37855,56.391354
0.31916276,0.12752697,0.051566675,0.053459834,0.66602534,71.93964,28.498693,7.364421,168.86008
0.26647672,0.13287084,0.034871176,0.050156172,0.5146045,68.982445,26.069317,7.140382,95.68498
0.2767227,0.14497986,0.031344615,0.053566586,0.51450413,67.99793,26.176043,7.0432577,93.16136
0.25079432,0.13474022,0.02828787,0.05035311,0.469,65.980064,24.623245,6.833556,78.8234
0.29667684,0.15683791,0.03504919,0.05701235,0.56668663,69.86154,27.367891,7.239686,96.1226
0.37072664,0.23364253,0.052017927,0.07638005,0.6267987,72.29385,30.382215,7.4714174,146.41074
0.20379668,0.113114424,0.021705179,0.04377879,0.37329292,62.08307,21.811092,6.426446,59.055943
0.32929805,0.16679764,0.048395958,0.06759048,0.6624199,71.99756,28.890272,7.372771,170.90157
0.31631148,0.12679899,0.049653377,0.05256994,0.65613323,71.7896,28.366243,7.3551974,161.88994
0.39099708,0.27900645,0.058969118,0.0869443,0.6916471,72.61763,31.92441,7.448509,181.3407
0.20889759,0.10120898,0.026450505,0.042281527,0.4091296,65.06351,22.935738,6.715735,81.723816
0.27842557,0.1435863,0.03084304,0.053272385,0.5085781,67.969086,26.279665,7.038828,98.29603
0.3290646,0.1683758,0.03398849,0.07219724,0.64986473,71.48082,28.556965,7.30341,167.86948
0.32308242,0.1833023,0.034430414,0.062222917,0.5865972,70.742386,29.072504,7.317776,119.0774
0.3313819,0.18797539,0.047214877,0.0708169,0.6307428,71.437904,28.80044,7.358226,148.05345
0.38935152,0.3084232,0.03086183,0.079937324,0.5806723,70.29391,31.976595,7.312978,91.34882
0.25393668,0.13050173,0.030866789,0.049987234,0.49075222,67.48029,25.186441,6.980713,87.82713
0.28913617,0.1478404,0.039079703,0.05443353,0.5536975,70.01154,27.113028,7.257588,102.01924
0.31331587,0.12603419,0.04764325,0.051634993,0.6457404,71.631966,28.227089,7.3455067,154.56697
0.27285194,0.11912458,0.022094319,0.041292664,0.50402117,69.422905,26.288275,7.1967387,65.156654
0.40238604,0.32615584,0.06562537,0.09777893,0.7629375,73.469955,34.142403,7.4268613,234.42041
0.30140817,0.15628721,0.03478463,0.057007134,0.56455183,70.0408,27.653164,7.256638,103.64879
0.32982168,0.13796462,0.05246299,0.055453863,0.6705759,72.03775,28.806438,7.3783603,168.87727
0.30898187,0.13845399,0.047312006,0.055456746,0.6258159,71.220726,28.015352,7.3234344,146.67932
0.23460938,0.12407299,0.026994688,0.041215125,0.38750187,67.26798,24.321215,6.9927106,60.982365
0.29814485,0.1536249,0.033932995,0.05626682,0.5528982,69.67956,27.458822,7.2181444,104.63189
0.55216986,0.46560156,0.12035598,0.15797698,1.3680686,76.53275,41.495235,7.4337296,488.7412
0.2617282,0.13950168,0.029727584,0.051816672,0.49010232,66.86562,25.2777,6.9258933,83.96964
0.2814205,0.14420459,0.034554955,0.054015424,0.5461809,69.62651,26.782745,7.2063613,97.735886
0.28618404,0.14571886,0.030639255,0.053710103,0.51675045,68.556244,26.767332,7.1020813,101.65782
0.37556362,0.23708546,0.052601345,0.07667258,0.61658984,72.40337,30.349382,7.495402,140.12476
0.45315382,0.301181,0.09061043,0.096355565,0.8982414,74.76936,34.53876,7.498756,296.57208
0.20595461,0.10949447,0.020439388,0.042952582,0.35778317,61.901688,21.943878,6.404497,69.3257
3.2079313,2.288529,0.7256471,0.78030574,6.7518883,84.77882,57.617134,7.819479,1341.033
0.44176725,0.27681118,0.08281707,0.08849576,0.84093004,74.45977,33.624817,7.520726,260.06403
0.3241028,0.17552914,0.046332303,0.06815624,0.63217735,71.44642,28.588432,7.347998,151.41571
0.29988658,0.15494564,0.0343535,0.056637432,0.5586857,69.86453,27.562626,7.237807,104.310455
0.19634138,0.09730319,0.0314007,0.034373436,0.33650443,63.454697,21.871845,6.596182,58.687664
0.19561665,0.109299906,0.020542288,0.042622145,0.3564166,61.400833,21.32167,6.355142,55.717922
0.366158,0.23536429,0.052219905,0.07772991,0.6573691,72.10657,30.72632,7.421972,163.52748
0.3106044,0.16674802,0.039569713,0.061450504,0.5898663,70.865974,28.097582,7.322649,119.070076
0.2987928,0.14789303,0.042800512,0.056734357,0.5853554,70.50661,27.527208,7.2830057,123.475525
0.21524812,0.10830087,0.03236407,0.037563786,0.37166178,64.951744,22.974318,6.7526927,63.52886
0.21252094,0.114358075,0.02095704,0.037596673,0.33108267,66.18048,23.222244,6.877082,49.452023
0.36155427,0.22191803,0.0506437,0.07410486,0.6154897,72.2071,29.889935,7.465058,140.40611
0.30504182,0.12392162,0.042091146,0.04905261,0.61703473,71.19657,27.842735,7.318741,134.34056
1.2901877,0.9554282,0.31783736,0.30707705,2.8300083,81.12134,47.7393,7.544113,902.9276
0.3161189,0.12674983,0.04952417,0.052509833,0.6554651,71.779465,28.357298,7.354574,161.41917
0.22991963,0.11365259,0.028804341,0.045679666,0.44888243,66.3893,24.051897,6.8582487,86.39395
0.29594654,0.15078652,0.043623123,0.052462805,0.54812187,69.77871,27.177837,7.2551165,97.03575
0.2864405,0.14900708,0.032554686,0.054817315,0.5323765,68.76902,26.75787,7.1235223,98.1505
0.3196306,0.12764643,0.051880583,0.05360585,0.66764843,71.96426,28.520426,7.3659344,170.00372
0.29745942,0.15289593,0.033696394,0.0560698,0.54971784,69.590416,27.418137,7.208563,105.18297
0.33768257,0.15564786,0.050909016,0.06444159,0.6889504,72.48176,29.209986,7.395879,186.20969
0.31949356,0.12861183,0.051738158,0.055071253,0.6725752,72.05651,28.555529,7.367176,175.22285
0.30711076,0.16292556,0.037715267,0.0596952,0.58219934,70.5914,27.93507,7.3032837,111.35846
0.55746275,0.47329703,0.14844939,0.15595742,1.4141841,77.31102,42.253265,7.410141,560.8641
0.47479564,0.36362258,0.108393416,0.10973278,1.0073214,75.171104,36.61689,7.4436803,354.66125
0.2165532,0.11768819,0.023051305,0.0452463,0.39367798,63.03959,22.575422,6.525528,67.05198
0.24150409,0.11913969,0.031649217,0.046420127,0.46680325,67.25118,24.693907,6.9553285,88.88331
0.23195681,0.12048365,0.029583545,0.040542174,0.39128706,66.74039,24.079786,6.9383774,63.49515
0.33122122,0.18336755,0.047539063,0.07012759,0.63830596,71.572334,28.831474,7.3621664,153.39424
0.4492682,0.30357972,0.088610634,0.09524962,0.889381,74.6408,34.48908,7.4937477,285.632
1.0025804,0.6902544,0.23612322,0.24001375,2.1297956,78.39513,44.285973,7.507446,701.42145
0.24403656,0.12586136,0.022794267,0.04704212,0.42575002,65.15007,24.29535,6.7522836,78.59913
0.3133151,0.1607224,0.036436614,0.058819044,0.57930887,70.8424,28.341656,7.333741,116.72183
0.3843784,0.25148937,0.05489543,0.0798637,0.63219285,72.46591,30.801308,7.4953203,146.9427
0.49056098,0.35195136,0.11156199,0.12184002,1.099107,76.03205,37.152164,7.4667463,421.12445
0.26899108,0.13493717,0.037723694,0.048636466,0.50565064,68.85021,26.069378,7.143121,90.69704
0.4671545,0.3790642,0.103913546,0.123388365,1.0400645,75.01709,37.5893,7.3909554,380.51532
0.3160224,0.17062365,0.041402057,0.06326114,0.59798867,71.23776,28.376534,7.3517823,129.12758
0.27550885,0.14583364,0.03770288,0.049781177,0.48815632,68.79129,26.171003,7.158147,82.5067
0.31160644,0.16971946,0.041055046,0.06278674,0.5955075,70.994064,28.119587,7.329023,123.01935
0.29850549,0.15732706,0.03518555,0.057182007,0.5688905,69.98566,27.47759,7.252423,97.606705
0.3380529,0.20025332,0.043706074,0.06921546,0.6318215,71.462395,29.786016,7.359329,149.82922
0.28615364,0.14772907,0.039863747,0.05127377,0.5196264,69.3142,26.684795,7.2053766,91.03335
0.41437712,0.27892315,0.06327171,0.090045,0.74381113,73.391945,32.350605,7.489259,202.03258
0.28528336,0.14915802,0.03262489,0.054822545,0.5329685,68.72644,26.688087,7.1195188,96.27688
0.23659092,0.12866016,0.02645334,0.04847766,0.44204146,64.83791,23.773006,6.7145348,71.92476
0.28681108,0.1318074,0.036667682,0.048418242,0.5434223,69.87292,26.840693,7.22274,104.35975
0.17443164,0.09925278,0.01820019,0.039689913,0.31910452,59.921417,20.120457,6.1993484,46.726086
0.3145052,0.12633781,0.04844131,0.052006185,0.6498665,71.69455,28.282335,7.3493543,157.47432
0.3105821,0.1618601,0.037084907,0.05927925,0.5808891,70.73624,28.160362,7.320398,114.51434
0.28998095,0.15371478,0.034097068,0.0560654,0.55286956,69.30304,26.967268,7.181313,93.3916
0.43115997,0.23894861,0.06814677,0.079436615,0.7535397,73.96798,32.17927,7.562005,205.41766
0.2822311,0.14715575,0.031994205,0.054249395,0.52417374,68.42667,26.505928,7.0878134,96.20629
0.49986044,0.3512843,0.104176715,0.12228097,1.0944765,75.78822,37.15355,7.4939113,394.40906
0.21820134,0.10712228,0.0273956,0.043851044,0.4261758,65.5849,23.408022,6.7725816,83.188675
0.2698183,0.13655022,0.040294,0.046546735,0.48936278,68.612434,25.97039,7.137265,83.615974
0.42755693,0.23509794,0.065334044,0.081526674,0.7578161,73.75217,31.988398,7.536718,209.67186
0.29601455,0.15560745,0.03464177,0.056693338,0.56134385,69.73432,27.328999,7.2257934,97.72275
0.37294963,0.19700226,0.04869233,0.08087191,0.7189045,72.62606,30.12463,7.3981843,206.94324
0.3624102,0.2234867,0.051232006,0.07551274,0.62278306,72.04198,29.85273,7.447222,142.43561
0.29756847,0.1543404,0.034185644,0.056426007,0.555956,69.70836,27.423553,7.2217913,102.399025
0.5641089,0.48886815,0.143299,0.16202362,1.4438983,77.21398,42.71773,7.407272,555.79254
0.27602375,0.14693621,0.032021027,0.05402587,0.52290976,68.1179,26.132408,7.0572724,88.24411
0.29892486,0.1521808,0.033429336,0.055935014,0.54670686,69.6034,27.506926,7.2090154,108.61922
0.15628982,0.074659504,0.02839666,0.027657231,0.25899222,60.4069,19.571184,6.2771974,47.288357
0.24948718,0.1282008,0.034132596,0.04334031,0.4354055,67.659744,24.96997,7.035813,72.32455
0.31892738,0.13104576,0.049092762,0.054672923,0.6596235,71.82539,28.44609,7.3548994,165.11426
0.3097524,0.1659828,0.039202373,0.06109659,0.5883031,70.803406,28.055758,7.3179994,117.34415
0.33499217,0.18982048,0.04576206,0.06811126,0.6100014,71.85956,29.096537,7.412653,141.13739
0.2821231,0.14886929,0.033622127,0.054815352,0.5417856,68.98706,26.593088,7.1459985,91.594124
0.2312265,0.118614435,0.027953638,0.046567485,0.4457113,65.7977,23.897556,6.802911,80.47623
0.3781481,0.19479346,0.05708169,0.07167041,0.7122478,72.99301,30.463568,7.464389,188.68831
0.35828418,0.18296964,0.053782944,0.071241915,0.70101017,72.75531,29.896772,7.4342947,188.03366
0.3162066,0.14369127,0.046718165,0.062303193,0.66363853,71.98898,28.493414,7.3529162,175.90915
0.2047285,0.105099775,0.027526474,0.035976924,0.33854514,64.6703,22.51626,6.721715,55.727962
0.4285109,0.26637465,0.07154811,0.08854593,0.81871533,74.31491,33.088943,7.516196,242.76625
0.28447172,0.15089655,0.033229146,0.055225488,0.5404286,68.824104,26.637842,7.1310954,91.64909
0.42925382,0.25301787,0.07307378,0.08300737,0.7919147,74.218,32.730408,7.5375943,229.72467
0.19010703,0.09301085,0.032064874,0.03327849,0.3280054,62.835182,21.472857,6.5317683,58.256985
0.29304802,0.13537496,0.039408457,0.04947044,0.559372,70.11575,27.142365,7.25301,106.884155
0.36586195,0.23894414,0.050547756,0.07847253,0.66280425,71.91231,30.972345,7.3972807,165.65643
0.42653036,0.22834617,0.06671957,0.08281878,0.7723495,73.69192,31.906096,7.5197654,223.48502
0.30511105,0.16031432,0.036438584,0.05850248,0.57703376,70.4231,27.847607,7.2920146,106.552246
0.23892845,0.11797261,0.032237686,0.045344308,0.45685905,66.960976,24.501633,6.930454,86.115746
0.22984263,0.11627909,0.033861194,0.039993525,0.40117493,66.01074,23.798126,6.8636794,68.16055
0.17704666,0.09796173,0.019168822,0.039654013,0.32787412,60.5432,20.410946,6.260591,51.515057
0.44216,0.24922335,0.06563326,0.091664776,0.7897824,73.909256,32.385582,7.528146,236.90085
0.41006815,0.2554448,0.059905436,0.08408389,0.6928037,72.862045,31.370543,7.509692,167.34741
0.23847196,0.12089404,0.034897305,0.041423555,0.41910076,66.617546,24.279772,6.9273343,71.07832
0.41619268,0.2287127,0.06294312,0.0769442,0.73212695,73.43233,31.60686,7.525832,189.37486
0.23985657,0.11938227,0.035682328,0.042989746,0.4405298,66.62215,24.370699,6.916429,78.90787
0.22874048,0.1323448,0.003803791,0.043848153,0.3412904,66.530495,23.81696,6.926591,24.83222
0.21419396,0.11480946,0.022111373,0.04447778,0.38113698,62.70392,22.43568,6.489295,69.69872
0.26897407,0.13770314,0.03295519,0.052143376,0.5214779,68.702194,26.075647,7.10871,93.68724
0.21994351,0.11487954,0.025989374,0.045219194,0.42040908,64.61234,23.141228,6.6812954,73.60591
0.31518203,0.12651064,0.048895482,0.052217428,0.6522147,71.73016,28.313776,7.3515434,159.12886
0.3562669,0.19118643,0.052675996,0.07237123,0.68224406,72.415924,29.751022,7.4211597,175.60193
0.31746316,0.16384146,0.037916686,0.06027272,0.58580625,71.13105,28.553234,7.356113,124.562744
0.28815985,0.15261385,0.03375259,0.05574636,0.54802656,69.1315,26.858511,7.163222,93.15931
0.2918499,0.15462436,0.034375686,0.056338977,0.5568896,69.46189,27.079062,7.19794,94.07703
0.25393385,0.13727576,0.029098408,0.051059067,0.48010036,66.3256,24.810234,6.8703628,77.92984
0.42907083,0.2396039,0.06595615,0.0790236,0.7461148,73.87246,32.10616,7.5602417,197.35449
0.30940974,0.12503682,0.045022152,0.05041587,0.6321887,71.42642,28.045637,7.332871,145.01823
0.3277742,0.18453938,0.045856774,0.06862201,0.61849093,71.575615,28.759752,7.3751016,143.28568
0.58732647,0.4445437,0.13921022,0.1563148,1.3374791,76.2002,40.221367,7.4044914,499.48187
0.29454517,0.124986894,0.037661947,0.04767636,0.5784586,70.54187,27.3004,7.2700543,116.50097
0.3292893,0.15310049,0.04383109,0.06600678,0.6708556,71.884705,28.728128,7.341365,178.5002
0.44921502,0.25509584,0.06706315,0.09315244,0.7970937,74.035675,32.614178,7.540126,240.35672
0.2673344,0.14110407,0.03574677,0.04792452,0.46879113,68.503975,25.809595,7.1267357,78.36899
0.8765871,0.682549,0.22639492,0.22325014,2.0697143,79.2323,44.998066,7.4716,728.1176
0.25197875,0.1253824,0.03159039,0.049030967,0.49238518,67.99417,25.294048,7.028146,93.26256
0.38311937,0.2561967,0.055591967,0.08161963,0.6584281,72.34294,31.162592,7.458894,161.17407
0.30476958,0.13507375,0.044500634,0.05113954,0.60117376,70.817314,27.741856,7.306883,125.831894
0.30349168,0.16267121,0.037678372,0.05952255,0.5810593,70.40449,27.718105,7.2848444,106.803474
0.12031989,0.05278068,0.017025786,0.027531559,0.22932945,58.72724,17.964079,6.050963,53.606815
0.25147253,0.13548982,0.028531572,0.05055499,0.47226915,66.07048,24.66348,6.8432865,78.2207
0.34789547,0.15679821,0.054571614,0.06117423,0.68988365,72.46556,29.438251,7.4109836,180.13246
0.3354299,0.16601986,0.040776283,0.07255831,0.67719615,71.91757,28.894382,7.3336673,186.04753
0.32124975,0.1488613,0.039818425,0.06260481,0.6458458,71.51756,28.377588,7.3206663,160.28467
0.30063656,0.1558636,0.034653228,0.056882434,0.56268466,69.971466,27.607048,7.24935,103.463356
0.29249638,0.1540853,0.034181863,0.056224834,0.5545965,69.45015,27.11841,7.19617,96.04678
0.16176113,0.079434834,0.026327295,0.028683214,0.26176682,61.14118,19.975029,6.353115,45.9014
0.3509688,0.2082219,0.050221268,0.07462464,0.63955134,71.689125,29.412376,7.3935614,148.8911
0.21772891,0.1059751,0.028242035,0.043117974,0.42314398,65.644135,23.403048,6.7812843,83.17013
0.41616973,0.2387031,0.046911962,0.09611119,0.77764785,73.27586,31.589396,7.479639,214.19312
0.28471497,0.14437336,0.03868995,0.050570056,0.5193839,69.341034,26.634493,7.200597,92.480644
0.19305617,0.10121205,0.022443661,0.04123608,0.36653617,62.554874,21.593565,6.4645605,64.30063
2.4304478,1.7271199,0.57204676,0.564169,5.037924,84.23397,55.708847,7.78422,1249.9589
0.31401297,0.16986485,0.04106752,0.062891,0.596222,71.11773,28.264172,7.3412743,126.02619
0.30334044,0.1620054,0.03734365,0.059224345,0.5798089,70.37943,27.717634,7.2837873,106.006
0.28663704,0.156435,0.022605984,0.052719876,0.49566388,68.31837,27.045902,7.0933423,82.83817
0.19831382,0.10042531,0.028590048,0.03483366,0.3309985,63.98412,22.092,6.650479,55.736256
0.5764027,0.5157253,0.14713715,0.17040363,1.5082083,77.38981,43.73835,7.3931103,578.0402
0.44271868,0.27727056,0.047944576,0.107738115,0.84649974,73.66362,32.985962,7.5096645,225.82462
0.3010085,0.16073418,0.03700027,0.058740027,0.57745373,70.27251,27.601309,7.274227,103.302505
0.5640169,0.4882286,0.14628279,0.16132052,1.4455234,77.292755,42.746487,7.405382,562.75525
1.5438637,1.1269804,0.3740376,0.3587591,3.2852035,82.22024,49.330738,7.5783696,1009.62225
0.3003999,0.15592839,0.034679133,0.05689181,0.5629523,69.96541,27.59275,7.248831,103.0113
0.35835937,0.17753012,0.054025263,0.06912765,0.7021741,72.76994,29.873535,7.4328203,188.54755
0.27838087,0.14847103,0.032504234,0.054465696,0.52965254,68.34852,26.273092,7.0816574,88.32174
0.3969324,0.23696758,0.058424056,0.08091361,0.6966345,72.770424,30.975943,7.4855886,171.85449
2.1383734,1.5064449,0.50868905,0.47369787,4.3683367,84.501816,54.63172,7.755764,1235.2131
0.3146772,0.1678146,0.040008064,0.06199138,0.5925818,71.09686,28.331509,7.3437414,124.91924
0.26442695,0.13767423,0.029062284,0.05144362,0.48235482,66.84968,25.441622,6.9222302,91.33394
0.21287763,0.10785862,0.025873953,0.043618497,0.41087124,64.62351,22.917688,6.676901,76.24349
0.30638844,0.1631155,0.03783033,0.059767656,0.58241373,70.56043,27.888609,7.299709,110.67241
0.272448,0.14379752,0.031012578,0.05316049,0.5091847,67.704765,25.919634,7.0131416,89.770775
0.3938522,0.19901347,0.0612493,0.07442395,0.73814946,73.123344,30.854578,7.469197,205.91689
0.27461407,0.14707662,0.03214995,0.054029975,0.5240129,68.08667,26.052723,7.05444,85.99472
0.245975,0.13755992,0.026369194,0.046423998,0.40075618,67.355896,24.672808,7.0063257,63.75028
0.44326654,0.26062274,0.080269426,0.09140929,0.8482945,74.72513,33.334866,7.5338554,278.46558
0.8735294,0.60604906,0.20646359,0.21285243,1.890374,77.870926,42.92351,7.485471,643.24756
0.35884297,0.21643129,0.049391065,0.07278458,0.6127178,72.182526,29.853636,7.4626837,140.54893
0.31154636,0.14793047,0.0323296,0.06020782,0.61014247,70.96741,27.910624,7.2855215,135.54723
0.45417285,0.32507053,0.091851175,0.10182978,0.9314374,74.811676,35.173237,7.4692473,308.36307
0.3809738,0.20345534,0.05738647,0.07525916,0.717746,73.108315,30.621214,7.475037,192.02821
0.296289,0.15513249,0.039878804,0.059907224,0.57812566,70.44756,27.467728,7.2755365,121.36745
0.30481458,0.14612746,0.043300953,0.060527824,0.62251854,71.23009,27.937622,7.3114934,150.67076
0.27791297,0.14683513,0.038466692,0.050179157,0.49462196,68.89335,26.285797,7.169079,83.89184
0.31739593,0.16879891,0.04043913,0.06247337,0.5948944,71.25815,28.484089,7.35794,129.07605
0.3075388,0.15356472,0.043459237,0.062058114,0.618008,71.15595,28.001106,7.3133545,146.66245
0.38865405,0.21736246,0.05805986,0.07765153,0.71140885,73.013855,30.809929,7.48222,184.99142
1.7992713,1.2763046,0.43191895,0.40671438,3.7818837,83.32479,52.02751,7.692863,1105.1017
0.29827467,0.15513733,0.03444501,0.05664021,0.55943054,69.80378,27.465435,7.232067,101.73816
0.30166522,0.16029948,0.040772382,0.06141047,0.5856697,70.61481,27.681332,7.2903857,124.33222
0.70380557,0.5826266,0.18858276,0.18913263,1.7147151,78.24238,43.55081,7.4069533,653.3337
0.31083342,0.16917762,0.041041657,0.06270043,0.594894,70.96299,28.08239,7.325856,122.84322
0.3329767,0.1520103,0.050172746,0.064083844,0.68688315,72.43542,29.075396,7.388853,186.44281
0.28159177,0.14560828,0.031478606,0.0538535,0.51746404,68.27576,26.468668,7.071233,98.48089
0.5070482,0.37897724,0.08474863,0.13511741,1.1460637,75.509,37.88026,7.488043,369.55368
0.27870134,0.14658217,0.03185692,0.054012567,0.52151895,68.21604,26.293886,7.0664935,92.589264
0.15823883,0.076330654,0.027703566,0.028020771,0.2601196,60.662815,19.713451,6.303666,46.84666
0.4304447,0.24759607,0.054690495,0.09590945,0.7847763,73.529434,32.00367,7.499365,225.14531
0.21459289,0.11394324,0.02345085,0.03784179,0.3424614,66.038345,23.256811,6.863085,52.81811
0.30502674,0.14283232,0.043631576,0.06011282,0.6290965,71.3478,27.976103,7.3155246,155.21059
0.28090468,0.121248625,0.030054944,0.04444781,0.5340612,69.850235,26.645561,7.216022,92.912994
0.4461882,0.30647615,0.08555456,0.0975662,0.8957026,74.654655,34.515495,7.484356,287.624
0.30654943,0.1640451,0.03829888,0.060183167,0.58415014,70.59291,27.886211,7.3009305,111.72592
0.49525055,0.34096068,0.104474135,0.11876952,1.0715761,75.76846,36.79182,7.498071,390.17648
0.22629794,0.124176465,0.025097525,0.047099583,0.4221707,64.004166,23.156916,6.6275992,67.08276
0.30220747,0.15536895,0.03445943,0.056804456,0.5606305,70.00663,27.702011,7.2522316,106.59495
0.43744448,0.24468781,0.06686793,0.08353681,0.76456195,73.88866,32.29898,7.553316,211.32031
0.28431278,0.1507742,0.03372239,0.05526765,0.54510623,69.02719,26.676828,7.1515117,91.17822
0.25720927,0.13665882,0.028835135,0.050997816,0.47760552,66.43129,25.007912,6.8800225,83.61841
0.3839451,0.18468875,0.06252802,0.06804683,0.72692794,72.994286,30.554382,7.466404,196.61406
0.4148966,0.23699439,0.06177082,0.081513,0.7381517,73.67607,31.725756,7.5390935,195.29732
1.3669761,0.9964631,0.334549,0.3220237,2.9967396,81.60941,48.454903,7.5810776,936.58453
0.26012474,0.13140269,0.039076228,0.044942703,0.46905634,67.9377,25.43129,7.066463,80.27436
0.20176956,0.10149696,0.03014958,0.035356246,0.341784,64.080376,22.243544,6.661042,58.263752
0.28820688,0.15069589,0.0330999,0.055278618,0.5397533,68.9839,26.862865,7.1465406,97.11555
0.31636953,0.12975723,0.049543787,0.057025522,0.67222935,72.08531,28.490953,7.3603425,178.37369
0.26565343,0.13673516,0.03234588,0.05176777,0.51385456,68.33223,25.846048,7.070907,91.47086
0.31036007,0.16853818,0.040486217,0.062241543,0.59310716,70.90091,28.059217,7.322194,120.43722
0.41849965,0.23994042,0.063114,0.08210491,0.7397689,73.59042,31.7884,7.538995,194.64294
0.56244946,0.48403126,0.151105,0.15912308,1.4410385,77.41156,42.68054,7.4036684,572.4887
0.34517425,0.22645554,0.035080276,0.07004718,0.60113513,70.87004,30.229172,7.3233685,124.15783
0.62025744,0.57479715,0.16106294,0.18866272,1.6641065,77.87229,45.668655,7.37453,631.1485
0.20650731,0.10314406,0.032025613,0.036084186,0.35574502,64.24593,22.460772,6.6789412,61.417645
0.44869572,0.3184985,0.08714679,0.10133756,0.919271,74.74967,34.894073,7.470266,300.2725
0.17544518,0.09401909,0.011654405,0.036847882,0.2823063,59.541256,20.231293,6.1712694,45.264668
0.37528676,0.23687541,0.05260142,0.07664754,0.61649185,72.40006,30.334768,7.4949183,140.01645
0.46021593,0.31839174,0.0958302,0.101027325,0.9338066,74.9371,35.14995,7.483398,317.74588
0.31774735,0.1700852,0.041084196,0.06305046,0.59732103,71.3095,28.488604,7.360283,130.6874
0.521827,0.45252082,0.1384167,0.14333612,1.2439325,76.58601,40.143143,7.3626466,513.697
0.2815833,0.14604571,0.03162743,0.05396022,0.5193508,68.309525,26.467808,7.0750475,97.581604
0.43625203,0.2500969,0.060412083,0.09471474,0.7858215,73.73474,32.17978,7.5068545,235.68965
0.47771102,0.3472913,0.10623027,0.11393118,1.021784,75.51171,36.373474,7.4566984,379.8274
0.26851624,0.14375186,0.031061383,0.05304174,0.5087871,67.51649,25.682974,6.9946203,84.53802
1.7489741,1.254159,0.42227727,0.39758864,3.696239,82.938126,52.87709,7.696553,1081.5168
0.26401937,0.14059368,0.03006137,0.0521464,0.49493098,67.05856,25.414764,6.946073,84.85666
0.2544412,0.13631451,0.028763374,0.050837893,0.47597882,66.27436,24.841543,6.8642325,80.56794
0.8378999,0.70740676,0.20872696,0.23217306,2.0942297,79.02323,47.348305,7.4396553,724.39886
0.3819825,0.18527593,0.060929377,0.069199726,0.72524285,72.94141,30.483189,7.4579453,197.27853
0.25440657,0.13522844,0.028394757,0.050571345,0.47129068,66.1879,24.84032,6.854504,82.725266
0.49463564,0.33930257,0.10644489,0.117890656,1.0698719,75.81717,36.766903,7.497347,394.18185
0.30772653,0.12460711,0.043892674,0.04989053,0.626349,71.337845,27.967447,7.3274255,140.90352
0.25676057,0.13739647,0.029093226,0.051165927,0.48076543,66.46783,24.980314,6.8844533,81.51362
0.27764747,0.14617161,0.03683319,0.050440878,0.49338463,68.874794,26.248173,7.161217,84.939445
0.24664488,0.12763739,0.029704677,0.04904307,0.47500727,66.78677,24.721727,6.9090257,84.05512
0.30458665,0.13234179,0.03638985,0.05239611,0.60420316,70.954346,27.73211,7.296542,127.615135
0.19777843,0.09709621,0.033011384,0.034548655,0.34402138,63.37137,21.900114,6.5880256,60.88103
0.33529276,0.18793298,0.045057118,0.06749087,0.6080207,71.869064,29.149363,7.415677,141.26434
0.29874328,0.13680261,0.028706076,0.053002965,0.57608354,70.494644,27.398268,7.263186,109.41661
0.22258838,0.112616815,0.03266981,0.038805388,0.385096,65.5417,23.404802,6.8143463,65.327354
0.2884576,0.1495915,0.042608917,0.05130265,0.526218,69.41474,26.825024,7.224144,90.67389
0.36483392,0.17500643,0.055870388,0.06662866,0.7051088,72.774536,29.991278,7.435878,188.44153
0.19738331,0.097906806,0.031457495,0.034549106,0.33845356,63.536724,21.932468,6.6047587,58.958828
0.41466254,0.24990746,0.06163903,0.08419244,0.7453626,73.631676,31.953299,7.520405,198.26804
0.19658117,0.101281084,0.025754364,0.03466151,0.31911907,64.19917,22.09019,6.6719694,52.03062
0.21977255,0.10851767,0.027460715,0.04418019,0.42852005,65.60911,23.466587,6.776101,82.84804
0.3196111,0.1559936,0.04666887,0.06463033,0.65262216,71.80046,28.546715,7.352225,167.13303
0.27432996,0.1431293,0.03075468,0.053048577,0.50639737,67.74098,26.033464,7.0159273,93.67612
0.40500653,0.20341033,0.06615298,0.073327824,0.7489413,73.362206,31.232727,7.49942,207.80244
0.3050604,0.12392637,0.04210363,0.04905841,0.6170992,71.19755,27.843597,7.318801,134.38602
0.2019845,0.10543006,0.023697352,0.042506963,0.38485724,63.28966,22.124607,6.541443,67.86558
0.28464746,0.15078023,0.033186734,0.055201855,0.5399356,68.82327,26.648516,7.1308804,92.12324
0.28589898,0.14775999,0.032139592,0.05449752,0.52696776,68.646164,26.72626,7.110039,99.94808
0.404401,0.29783055,0.062057927,0.09243753,0.69681174,72.78536,32.107967,7.4640975,183.8128
0.5112427,0.424343,0.13015448,0.13656518,1.1906071,76.362206,39.176723,7.387633,483.63336
0.29830343,0.1567992,0.035009425,0.05704739,0.5666025,69.93493,27.465845,7.2468405,98.40437
0.24120702,0.12954256,0.027875936,0.0489918,0.45782113,65.6192,24.159288,6.7936187,75.2519
0.22513369,0.12685384,0.02072738,0.04220443,0.34870845,66.56241,23.721848,6.9203596,52.616802
0.45566344,0.29094294,0.0894522,0.09959967,0.9107269,75.01833,34.41003,7.506807,315.55835
0.31723186,0.16959804,0.04084967,0.06282559,0.5963309,71.27101,28.463615,7.357459,129.62074
0.1607924,0.0786758,0.026566314,0.02850713,0.26087388,61.0275,19.908125,6.341335,45.9957
0.3404749,0.19169873,0.04901055,0.07176247,0.6451721,71.717026,29.12712,7.378805,155.05179
0.27418876,0.14339456,0.035142533,0.04971202,0.48562324,68.76626,26.08696,7.145126,84.1795
0.26952156,0.13624842,0.040469296,0.046488326,0.48941103,68.56452,25.946209,7.132325,83.766
0.5073179,0.4315781,0.13034888,0.13234174,1.170999,76.07446,39.192413,7.382291,460.09177
0.16758706,0.09681914,0.016758064,0.03880315,0.30113563,59.10922,19.644161,6.1160135,43.082386
0.3251905,0.1729799,0.042276647,0.0643863,0.60353285,71.74127,28.900381,7.398451,141.73613
0.25832197,0.13061297,0.038602628,0.044655204,0.46450117,67.843895,25.339954,7.056518,79.35953
0.39981666,0.21746755,0.05516414,0.085198045,0.7464493,73.12264,31.001657,7.4481883,218.71417
0.31377938,0.17000373,0.0411441,0.06294882,0.5964335,71.10976,28.24813,7.340152,125.87611
0.3241299,0.17274272,0.04111714,0.06356951,0.6013724,71.519485,28.887774,7.380892,137.44136
0.60824454,0.6007295,0.14728339,0.19947317,1.714154,77.89282,46.885036,7.34397,633.7787
0.39967096,0.31148642,0.06418909,0.09623498,0.74780655,73.344025,33.304115,7.44056,223.42242
0.27076602,0.13518792,0.035271693,0.05091252,0.5236474,69.29835,26.313929,7.1731277,97.19631
0.33211112,0.15433513,0.04997708,0.06559836,0.6886042,72.46981,29.087273,7.3906417,188.19188
0.3148407,0.1604639,0.044954456,0.06436259,0.6292325,71.37271,28.284113,7.3314185,152.24367
0.33447966,0.1485581,0.05106773,0.061620355,0.684652,72.378174,29.06742,7.3883467,183.23099
1.1268548,0.85802114,0.28201166,0.27463642,2.5022566,80.22762,46.434494,7.4902005,832.60144
0.50568265,0.44115418,0.13483882,0.13403283,1.1903508,76.01915,40.114594,7.36309,468.80478
0.21880293,0.11254511,0.013198538,0.041071247,0.35726687,63.308186,22.939201,6.578236,52.175106
0.24815688,0.12793228,0.030016871,0.049190536,0.47867498,66.9787,24.834064,6.928474,85.28054
0.31105655,0.12545733,0.046127196,0.050929844,0.63790196,71.51308,28.122137,7.338198,149.04391
0.51051736,0.37384126,0.11248051,0.1284874,1.1537042,76.07296,38.098404,7.4783382,425.47202
0.30656317,0.15739414,0.035076614,0.057418883,0.5695909,70.36944,27.962624,7.290147,108.38459
0.2312712,0.11499752,0.028825982,0.045986164,0.45070422,66.38685,24.094551,6.8590593,85.88648
0.43444198,0.36478174,0.08774868,0.11596414,0.8903149,73.930115,35.822968,7.3949842,308.75165
0.41399413,0.25202838,0.060990043,0.083843164,0.70989776,73.07489,31.533396,7.5178504,175.44772
0.25423703,0.13370882,0.027880957,0.05019511,0.46472538,66.06124,24.831322,6.840335,85.5797
0.30875582,0.16312665,0.037775535,0.059811633,0.5828744,70.67862,28.03257,7.3117027,113.50817
0.38300246,0.2462765,0.054131962,0.078794226,0.6206434,72.43697,30.546743,7.503077,140.61244
0.3408463,0.15736389,0.049169805,0.064990364,0.68360656,72.153786,29.128656,7.373484,181.76158
0.40116262,0.32367793,0.061244793,0.09592838,0.7395851,73.08607,33.69283,7.4161177,215.47581
0.27893096,0.14191766,0.041375663,0.048316948,0.5079259,69.17737,26.451036,7.19694,86.78552
0.2524631,0.1291858,0.035384025,0.043794345,0.44440484,67.75437,25.103779,7.0461035,74.39233
0.28352815,0.12022302,0.02979408,0.043843836,0.5427904,70.02531,26.804321,7.2364783,90.78662
0.27747652,0.14454138,0.031183222,0.053479984,0.51265055,67.99909,26.221771,7.0428686,95.07231
0.27675974,0.14394054,0.0309907,0.05331345,0.5100216,67.918495,26.179096,7.0342717,95.320816
0.2732871,0.13813014,0.033944253,0.052497134,0.5324981,69.316345,26.418215,7.170537,97.796715
0.31685513,0.1269378,0.05001819,0.052739613,0.65801936,71.81821,28.391497,7.356956,163.2189
0.46338916,0.3448007,0.09922695,0.10606948,0.96922493,74.9801,35.884235,7.454427,330.582
0.2222792,0.111105755,0.03461663,0.038667344,0.39070553,65.2656,23.315895,6.78619,67.57835
0.48341787,0.36194274,0.11058534,0.117634386,1.0505308,75.63866,36.883095,7.4436736,396.41672
0.23344934,0.12724489,0.026023624,0.048045617,0.43577486,64.57979,23.585005,6.6875887,70.54185
0.314101,0.16855924,0.040401373,0.06231259,0.5938416,71.08776,28.286665,7.341149,124.92154
0.40911996,0.22457202,0.061809856,0.07710663,0.72995085,73.38169,31.420807,7.5166373,190.4811
0.25694117,0.13381723,0.027873615,0.050295603,0.4653312,66.19675,24.994028,6.853752,89.02236
0.33615246,0.17142436,0.03796154,0.07491526,0.672822,71.82211,28.873228,7.323331,184.38162
0.26475337,0.1385957,0.029370205,0.051677894,0.48634735,66.93698,25.460539,6.9318523,89.90592
0.30327538,0.123470604,0.040905833,0.0485013,0.6109064,71.10362,27.76068,7.3130264,130.02243
0.20225364,0.10520769,0.02381836,0.042488825,0.38588044,63.36806,22.159288,6.549118,68.49115
0.19819781,0.095644824,0.027233591,0.039062537,0.37752783,64.106834,22.24458,6.6270514,74.45898
0.4026984,0.25919062,0.0585543,0.08431943,0.6729358,72.71552,31.214909,7.500047,162.51735
0.29265723,0.134492,0.025100486,0.05079448,0.55596626,70.19373,27.123484,7.245335,95.03641
0.5150043,0.3860564,0.097303405,0.1350697,1.1655825,75.69637,38.270607,7.484153,394.3597
0.26872134,0.14006342,0.029804224,0.05214538,0.4928827,67.23803,25.698252,6.9630694,92.30164
0.3140787,0.13083301,0.047922738,0.05881417,0.67324936,72.12988,28.453377,7.3557286,181.99367
0.31931338,0.17459075,0.043335203,0.06507734,0.60588354,71.50605,28.52481,7.3701844,136.7313
0.26638788,0.14210914,0.03125223,0.05268439,0.5085894,67.58367,25.621197,7.0001764,84.31272
0.2224257,0.122142136,0.024469307,0.046496168,0.41319564,63.66336,22.925417,6.5918317,65.96662
0.28376526,0.14897576,0.03258778,0.054736454,0.53210497,68.64089,26.59684,7.1109176,94.59042
0.20460543,0.103899024,0.029184723,0.035883315,0.3435617,64.44715,22.44897,6.6989865,57.672756
0.32655838,0.1378937,0.05153433,0.05821589,0.6789724,72.21825,28.800943,7.377535,179.58904
0.47861856,0.38960636,0.11065487,0.11787593,1.0560331,75.348625,37.398617,7.411492,379.40668
0.2334305,0.12343041,0.024727257,0.04711231,0.4193153,64.28097,23.5869,6.6538963,78.25783
0.25912896,0.1389758,0.029591365,0.051616948,0.4877006,66.702446,25.12164,6.9092817,81.5163
0.31134835,0.15791051,0.03517388,0.0576761,0.5720631,70.634575,28.250292,7.3167486,113.81802
0.18959966,0.10052652,0.013735188,0.038863476,0.3112841,60.70747,21.075459,6.292742,51.58195
0.25148818,0.13128673,0.027102573,0.0495276,0.45413443,65.74293,24.66776,6.8063283,86.77217
0.38975462,0.27316624,0.058115084,0.0854506,0.6792755,72.57262,31.69044,7.4578094,173.96382
0.24743651,0.12360559,0.03686555,0.043969817,0.45392117,67.12275,24.77694,6.9713078,80.51178
0.4976623,0.40273848,0.122234166,0.12646845,1.1223234,75.90658,38.244495,7.4076734,434.86255
0.122560516,0.07630163,0.01051989,0.032553777,0.21031074,55.391373,16.949791,5.72775,23.73557
0.27333495,0.1268193,0.018851073,0.04482274,0.49674377,69.25722,26.223812,7.176824,65.16268
0.28872716,0.15059213,0.03488209,0.05552969,0.5572194,69.75541,27.060518,7.224282,96.30198
0.24729212,0.12510915,0.030470224,0.04867739,0.48015338,67.29611,24.911612,6.9580383,88.5143
0.16335882,0.07771275,0.02726389,0.030456917,0.28619912,61.14286,20.077993,6.3404384,54.816097
0.38816163,0.20404544,0.058617916,0.07322966,0.71770763,73.11329,30.768456,7.4808946,189.0538
0.31524655,0.13278562,0.050156865,0.0545115,0.6495612,71.636734,28.307446,7.347783,159.96729
0.30715212,0.16273463,0.037617154,0.05961108,0.58185655,70.58844,27.940092,7.3034096,111.23091
0.25229132,0.13535762,0.028473249,0.050545055,0.47174045,66.09862,24.712877,6.845895,79.598
0.29687586,0.15539919,0.03455686,0.056665976,0.5604891,69.75852,27.381018,7.2279277,99.31209
0.2958934,0.13383475,0.03998145,0.049373887,0.570947,70.33016,27.304113,7.2695737,110.57439
0.41814974,0.22600088,0.06387022,0.07959392,0.7512621,73.62101,31.692636,7.5209785,207.96506
0.28889197,0.15300113,0.03387224,0.055861086,0.5497348,69.196144,26.902279,7.170007,93.364975
0.2853312,0.14706938,0.03191415,0.05431311,0.523959,68.56555,26.692625,7.101338,100.58059
0.19262084,0.09483714,0.031656202,0.033726152,0.33098844,63.103046,21.638824,6.559579,58.2634
0.3894651,0.26880533,0.05745318,0.08408374,0.66266793,72.631584,31.43399,7.478248,165.09785
0.1495166,0.07947742,0.016607238,0.034850355,0.2787628,59.159157,19.066147,6.107501,48.642925
0.26211905,0.1380079,0.029213456,0.051462077,0.48367685,66.76732,25.302418,6.914534,87.53073
0.29227254,0.15224378,0.035465013,0.05607302,0.5645749,70.062355,27.274986,7.2557654,98.22764
0.25809872,0.13317475,0.027636314,0.05017017,0.46261802,66.20094,25.064226,6.8534265,91.89418
0.26585153,0.14046967,0.029989237,0.052166212,0.49448955,67.13495,25.525162,6.953424,87.58995
0.3020826,0.16076832,0.03956927,0.060235437,0.5825627,70.691666,27.735237,7.3018317,117.92405
0.7013332,0.57752186,0.18794042,0.18840912,1.7193983,78.28064,43.608994,7.4149995,652.7225
0.23766223,0.12099283,0.015206793,0.043448187,0.3936926,64.89283,24.083273,6.7456017,58.623768
0.16306128,0.08933099,0.012919584,0.029492194,0.22172533,62.971615,20.53746,6.5396132,30.236654
0.35906133,0.21762729,0.049745914,0.0731184,0.6136059,72.18316,29.842022,7.4621162,140.48596
1.0141064,0.7953366,0.25740686,0.25253445,2.2639081,79.5457,45.436,7.4418645,783.48676
0.32340434,0.1586577,0.03541965,0.06705268,0.6411326,71.39451,28.38075,7.3051863,159.47224
0.42244777,0.23179035,0.064269036,0.07924556,0.7460036,73.60258,31.811686,7.531367,200.34099
0.31759545,0.16745135,0.03974885,0.06187818,0.5924578,71.23263,28.513918,7.3583617,128.0656
0.43127,0.26490128,0.07421593,0.086911835,0.8152914,74.31078,33.096474,7.522914,242.09448
0.28098455,0.14303686,0.041900475,0.04875716,0.5129273,69.252655,26.543337,7.205131,87.854774
0.48750174,0.4055608,0.12038004,0.12785229,1.1275256,75.742836,38.917793,7.385254,432.5591
0.30417028,0.12369909,0.041506324,0.04878061,0.61401117,71.15071,27.80225,7.315922,132.21008
0.4194557,0.23736782,0.06271327,0.08100239,0.7429966,73.762794,31.857656,7.5464654,196.9446
0.29382643,0.15312774,0.033834603,0.05602707,0.5505328,69.43784,27.19924,7.193863,99.79159
0.5136581,0.40574422,0.12845606,0.13615873,1.2202737,76.57413,39.185585,7.4246316,486.0953
0.3264398,0.18826136,0.03589023,0.06378689,0.5949235,70.86998,29.25232,7.324392,124.68656
0.5338132,0.45199695,0.14310853,0.14856225,1.3266407,77.05047,40.956913,7.389245,542.4806
0.27399144,0.14578949,0.03166448,0.053689837,0.5178581,67.93285,26.010971,7.0378036,87.818726
0.48107448,0.37568182,0.11243682,0.11420046,1.0389117,75.35779,37.091698,7.432704,375.75928
0.35288978,0.16258988,0.05468497,0.06273114,0.6930482,72.54898,29.598623,7.4182105,181.54913
0.24785241,0.13105975,0.0270849,0.049372602,0.45296985,65.5544,24.449064,6.7875743,82.30814
0.25843927,0.13957737,0.029807141,0.051745184,0.49026117,66.71703,25.079641,6.9114037,79.361206
0.3028092,0.1601373,0.03640735,0.058385905,0.5762807,70.30382,27.709808,7.2802796,103.641
0.32660353,0.18419929,0.046192817,0.06967811,0.6243647,71.32658,28.634748,7.348949,144.73817
0.27411973,0.14196883,0.030363625,0.052759044,0.5013795,67.640465,26.021732,7.0047345,95.74665
0.26725054,0.13938063,0.029596163,0.051938172,0.48986173,67.11561,25.61025,6.9502764,91.695175
0.27833796,0.14830092,0.032800242,0.05447362,0.5323751,68.47924,26.302792,7.094707,88.27461
0.25859272,0.13956358,0.029799948,0.05174601,0.49020943,66.72316,25.08889,6.911989,79.59702
0.30835727,0.12523317,0.04442332,0.05017739,0.62791914,71.35591,27.993092,7.329011,142.12036
0.4091076,0.23105134,0.06167736,0.08053089,0.7344996,73.47459,31.49985,7.523296,194.17967
0.30464318,0.15823312,0.035393193,0.057571515,0.5731131,70.344765,27.84637,7.28869,104.08123
0.2881667,0.15296622,0.033872258,0.055832714,0.5495474,69.15935,26.858644,7.166358,92.453384
0.22830462,0.115685694,0.033338796,0.039753426,0.3969156,65.945885,23.724478,6.8567386,67.23949
0.4543696,0.25464618,0.06641171,0.09484856,0.81770533,74.382614,32.878967,7.5601053,249.66348
0.25256953,0.1300196,0.030635806,0.04981908,0.48772624,67.34143,25.09638,6.9664307,87.03849
0.25352958,0.12726203,0.0387838,0.044032414,0.4594195,67.40789,25.05054,7.009342,79.63108
0.31436613,0.16726899,0.039738573,0.061743915,0.5915223,71.06701,28.31973,7.341927,124.04234
0.25179332,0.1302699,0.016500523,0.045662273,0.4206485,65.94804,24.956802,6.855904,63.342785
0.3062916,0.12493059,0.042493735,0.04972438,0.6204615,71.2447,27.89356,7.321109,136.94225
0.2525576,0.13543266,0.02849442,0.050570697,0.4720778,66.11699,24.728848,6.847783,79.80631
0.24245903,0.12845689,0.028451039,0.048899084,0.4626497,65.99215,24.323347,6.830107,78.237785
0.40049332,0.20133938,0.06432672,0.0735654,0.74452895,73.26788,31.08072,7.487865,206.82582
0.2271274,0.12019441,0.023730347,0.046148498,0.40503088,63.732098,23.210016,6.5963383,76.28818
0.3127789,0.16821527,0.040260263,0.062138014,0.59296423,71.01287,28.210695,7.334303,123.02483
0.19586189,0.10804064,0.02011021,0.042320915,0.35099575,61.314003,21.337437,6.345178,58.605854
0.28519785,0.11885504,0.028775332,0.042859215,0.5481889,70.15235,26.920927,7.254547,85.83078
0.304863,0.16224635,0.037427302,0.05935647,0.5805344,70.46159,27.807158,7.2916036,108.04644
0.27784348,0.14247757,0.030475678,0.052985355,0.50376475,67.85514,26.245502,7.0263777,99.757774
0.4544675,0.2579695,0.060984727,0.09795723,0.834175,74.30296,33.01178,7.5629005,242.14403
0.23356423,0.12356486,0.024770794,0.047148842,0.4199022,64.29775,23.594847,6.655697,78.16618
0.26938915,0.14391416,0.031102272,0.053105317,0.5095318,67.57017,25.735394,7.0000725,85.39101
0.22830085,0.11802618,0.029884962,0.03990392,0.38602573,66.38838,23.848993,6.9017525,63.138058
0.3422649,0.19764502,0.024512665,0.087373,0.66507536,71.534584,28.93423,7.2904134,179.09529
0.28055954,0.1475104,0.03214205,0.05429039,0.5256187,68.37584,26.405016,7.0832343,93.22237
0.22825088,0.12110889,0.026607247,0.04677399,0.43435088,64.92513,23.512222,6.7175035,73.50681
1.3791128,1.0267588,0.33784667,0.32591084,2.9598382,81.346855,48.056877,7.528796,938.9315
0.41500178,0.33305973,0.07085,0.10064609,0.76807564,73.27908,33.459007,7.436343,226.64983
0.26392487,0.13922705,0.029598353,0.051809628,0.48902947,66.94737,25.410162,6.933597,87.50228
0.81027764,0.67004555,0.20764665,0.21934228,2.0033517,78.92779,46.270466,7.445419,709.8541
0.31890425,0.15965162,0.046168707,0.065003686,0.6437986,71.6416,28.481873,7.346137,161.17516
0.42972836,0.264817,0.0727818,0.087467864,0.8153923,74.30638,33.067017,7.520532,241.56926
0.23720416,0.12150167,0.032849737,0.041296396,0.41049457,66.7714,24.277462,6.942703,68.3993
0.315537,0.16925429,0.040718175,0.06264498,0.5953847,71.17756,28.364956,7.3487253,127.27943
0.37902805,0.19436038,0.057241756,0.07114967,0.71185297,72.98572,30.475113,7.464557,188.01025
0.26885945,0.13604777,0.033320263,0.051868405,0.52339983,68.95045,26.154362,7.132266,96.014885
0.44345757,0.26879877,0.08183122,0.090788916,0.8493288,74.64039,33.514492,7.5270715,273.63452
0.1825699,0.087520935,0.026951106,0.035424307,0.33817232,62.81317,21.288916,6.5003457,66.312004
0.25058648,0.1354525,0.028533364,0.05052162,0.47206283,66.02594,24.610167,6.8388743,77.09627
0.26614785,0.14244641,0.030656336,0.05265771,0.50303376,67.30326,25.541431,6.972205,83.97948
0.44976306,0.25371584,0.068167076,0.09197264,0.7973732,74.06014,32.638218,7.545295,239.28093
0.2547271,0.13696131,0.028978573,0.05100388,0.47878414,66.3383,24.858238,6.8712482,79.64244
0.23228665,0.121499814,0.028385134,0.040651005,0.38807115,66.92231,24.14291,6.9569573,62.136814
0.24941172,0.13401148,0.028062766,0.05013708,0.4657853,65.8582,24.54059,6.820765,78.42964
0.17806913,0.0914051,0.023495993,0.031595297,0.28055134,62.901985,21.05823,6.5358787,45.729023
0.36052415,0.22004208,0.05168945,0.07670679,0.6385432,71.79214,29.70684,7.4130964,147.71506
0.27186635,0.13815032,0.039795734,0.046918698,0.49127215,68.85186,26.111576,7.162079,83.42487
0.30736044,0.16599312,0.03996453,0.06140108,0.58905524,70.80647,27.935593,7.3139105,118.0935
0.30800444,0.14000162,0.047216736,0.05482034,0.61655784,71.04265,27.930328,7.3171387,139.80295
0.50114435,0.40370807,0.123422965,0.12949984,1.1397885,76.07632,38.38686,7.4063096,450.5701
0.674289,0.59623086,0.17567626,0.1953751,1.7505835,78.18635,45.601833,7.3985476,652.7825
0.2905306,0.15331997,0.033953868,0.055983894,0.551194,69.29803,27.000673,7.180368,94.93741
0.20732021,0.11138445,0.021059515,0.043452136,0.3660081,62.11348,22.024591,6.427443,67.33953
0.42194656,0.3481611,0.07747063,0.10622866,0.8165885,73.57836,34.39107,7.4204216,258.4102
0.37091786,0.23269664,0.05228431,0.07647702,0.61960787,72.26048,30.158987,7.476482,141.02017
0.31450763,0.16512404,0.038644314,0.060793612,0.5876111,71.01762,28.356491,7.341706,122.22377
0.451569,0.36300683,0.09001686,0.11139627,0.93101805,74.32062,35.526333,7.417107,305.88748
1.1673125,0.87190264,0.2906033,0.28201586,2.6106617,80.595184,46.977654,7.5285673,851.3007
0.209261,0.1129281,0.021552494,0.04388273,0.3727676,62.325222,22.140202,6.4499865,66.83537
0.3017053,0.12306973,0.039852265,0.048011277,0.6054592,71.020996,27.687744,7.3079476,126.18424
0.41937345,0.2312106,0.063439965,0.077206746,0.73355174,73.46421,31.69831,7.530621,189.23967
0.29516646,0.15013124,0.04323564,0.052293148,0.5464107,69.75518,27.141697,7.2515125,96.887566
0.27933478,0.14924204,0.022657828,0.05141723,0.48356274,67.86602,26.566801,7.0455594,81.88165
0.30080175,0.15616125,0.03475174,0.056959745,0.5639774,70.00247,27.616755,7.2527337,103.08296
0.31244808,0.16667108,0.039483543,0.06144673,0.5900679,70.955765,28.210821,7.331952,121.19923
0.28561047,0.15190047,0.033782426,0.05553526,0.5470777,69.0514,26.7266,7.15482,90.93568
0.45653796,0.3156411,0.094256364,0.097992554,0.91534233,74.77781,34.963055,7.4862647,302.3643
0.2798906,0.14296757,0.0302015,0.053010806,0.5052593,68.018074,26.379671,7.044552,100.104576
0.52066326,0.4445432,0.13660926,0.14306425,1.2380238,76.617905,39.933674,7.3694243,513.8114
0.45440722,0.25093356,0.08206667,0.09147296,0.8582154,74.90256,33.363712,7.56204,286.32007
0.4370352,0.29572496,0.041225553,0.116229944,0.8863091,73.500885,33.39313,7.4692225,230.8609
0.2633365,0.13585709,0.028462382,0.050969422,0.47445855,66.65652,25.377419,6.9011955,93.544945
0.2973279,0.14450644,0.042718332,0.051408954,0.5612482,70.063774,27.298487,7.267969,103.26073
0.37046045,0.20519148,0.042349618,0.08765423,0.7183432,72.492325,30.01062,7.370957,212.40569
0.19964135,0.099817164,0.024441069,0.04144555,0.38611946,63.82197,22.22594,6.5903335,73.609055
0.4304379,0.2446045,0.06507364,0.08060342,0.74181014,73.64256,32.073994,7.552122,191.45064
0.2717979,0.14484182,0.0313782,0.053398076,0.51365745,67.75579,25.879667,7.019346,86.77081
0.189533,0.096647896,0.026181517,0.03343778,0.30849063,63.54028,21.650806,6.6033688,51.159504
0.38465318,0.19623695,0.05822339,0.07073008,0.71464294,73.027916,30.613632,7.470081,188.36253
0.3903996,0.27855584,0.058922235,0.08702675,0.69648546,72.54139,31.970612,7.4386196,183.41077
0.29088134,0.1513684,0.03328476,0.055516265,0.54279155,69.16207,27.023336,7.1647906,99.37309
0.47210342,0.374621,0.10550546,0.11447056,1.0272481,75.221886,36.867126,7.4235377,362.6699
0.24434802,0.12401532,0.035634037,0.042395953,0.43140554,67.02675,24.606615,6.9702725,73.10217
0.3153427,0.16172275,0.036893524,0.059296776,0.58152246,70.969696,28.451956,7.344447,120.068756
0.28364494,0.14340523,0.035307776,0.05403316,0.55323815,70.107346,27.013891,7.253877,101.36665
0.28418428,0.1501098,0.032966398,0.055025235,0.53701943,68.74915,26.621164,7.12284,92.85649
0.3216523,0.17522514,0.043598045,0.06539767,0.60748315,71.63921,28.658863,7.382307,140.11061
0.24556471,0.12125353,0.030951293,0.04794049,0.48070368,67.64312,24.971241,6.9897547,92.33002
0.5072307,0.36846334,0.09907202,0.12887903,1.1278521,75.69674,37.67594,7.490328,390.22095
0.32297936,0.1687884,0.046568852,0.06701865,0.6406079,71.59408,28.594053,7.3509154,157.66948
0.26542246,0.14211832,0.034262847,0.04829641,0.46006724,68.34118,25.678764,7.110166,76.48527
0.49112487,0.4103459,0.1252517,0.13357769,1.1667948,75.97461,39.79184,7.3717,463.9691
0.24772355,0.12703252,0.021538561,0.046841044,0.42816052,65.52628,24.560678,6.7969065,75.61408
0.24889602,0.1319973,0.027386507,0.049630407,0.45706782,65.676636,24.511143,6.800642,81.81898
0.34151644,0.16050662,0.051470682,0.06573349,0.69196475,72.546684,29.342825,7.403553,187.09985
0.4480338,0.24186806,0.07415869,0.086813845,0.8076572,74.46437,32.73435,7.571948,248.19992
0.3176762,0.1756353,0.044410616,0.066879064,0.6109718,71.063835,28.288807,7.326705,138.25851
0.33542532,0.19378185,0.047524244,0.0714486,0.62701446,71.49245,28.933512,7.370356,145.2591
0.29218072,0.15208092,0.035597663,0.0561031,0.56461966,70.090836,27.279367,7.2576857,99.068115
0.427571,0.29887974,0.07151582,0.095643364,0.81100154,73.82831,33.354946,7.4746094,237.48938
0.27770975,0.14148347,0.028228754,0.0520329,0.4960724,67.90496,26.291365,7.0377665,94.875465
0.35919118,0.16195473,0.058704875,0.061194755,0.7007218,72.580284,29.765272,7.430476,182.68332
0.27316234,0.14769444,0.019171664,0.04984837,0.463736,67.36592,26.271288,6.9999266,72.7767
0.43374613,0.26802653,0.07633311,0.087194994,0.82109946,74.33995,33.22697,7.5222206,245.9051
0.26190707,0.13098091,0.032768346,0.050590865,0.51153487,68.66512,25.836061,7.09972,95.88085
1.8545464,1.3117636,0.44652298,0.41531658,3.8657944,83.327194,52.984276,7.7252507,1117.4197
0.41818672,0.37523285,0.08458012,0.10943156,0.8816838,74.85095,37.56465,7.4179616,321.97833
0.28462985,0.12739056,0.022907233,0.046226345,0.53477585,69.9005,26.803547,7.231633,78.734726
0.30674762,0.12435714,0.043235794,0.049585015,0.6229529,71.28634,27.921976,7.324259,138.51054
0.42328873,0.3495305,0.07966321,0.10827239,0.8343883,73.71699,34.780445,7.4164586,272.4627
0.37596497,0.20378976,0.05621041,0.07509154,0.7056918,72.88137,30.421936,7.4614406,185.30338
0.2154479,0.11147632,0.027864343,0.03779485,0.3578218,65.54578,23.148846,6.8131676,58.225475
0.13658406,0.0651608,0.024497608,0.024458708,0.21322636,59.217747,18.526674,6.1518297,38.80527
0.18641244,0.099717356,0.0155185,0.039319187,0.3111952,60.354145,20.828463,6.2491293,55.959873
0.3013002,0.15863405,0.03568152,0.057693373,0.5732404,70.18911,27.637676,7.27198,100.447044
0.24890243,0.13472171,0.028312532,0.05029683,0.46882397,65.88975,24.509367,6.8246756,76.298355
0.44943237,0.2457735,0.072245836,0.086493984,0.7958263,74.11536,32.65375,7.562431,233.50581
0.30177477,0.1473916,0.045309246,0.05368828,0.5782658,70.3298,27.535583,7.286325,113.89292
0.2541204,0.12583953,0.032399926,0.048965305,0.4957287,68.23218,25.436794,7.0543323,94.287605
0.4482896,0.36731216,0.09034209,0.11394473,0.9234983,74.17561,35.70389,7.4058557,309.28104
0.31549552,0.1592821,0.045236446,0.064321004,0.63345915,71.44953,28.325075,7.334844,154.99892
0.5271299,0.42787227,0.13710465,0.14328155,1.2994422,76.93472,40.329994,7.41839,519.82184
1.3354998,1.002702,0.32833433,0.31737357,2.867134,81.08036,47.666546,7.5096335,919.90924
0.23749308,0.12670907,0.02577533,0.04802523,0.4336691,64.727905,23.82887,6.7015033,77.10648
0.37543792,0.24473903,0.053758528,0.079196595,0.64943576,72.27,30.837658,7.45307,157.69246
0.36160335,0.18243915,0.054484457,0.07064192,0.7052847,72.83631,29.995699,7.4401345,189.75543
0.41303015,0.21080303,0.06745025,0.07534865,0.7570747,73.51721,31.49786,7.5129967,211.92471
0.21439491,0.115984656,0.024323145,0.04503138,0.40400288,63.556,22.612143,6.5763965,65.86686
0.45556962,0.26007918,0.06518174,0.09640458,0.81287867,74.21549,32.86676,7.5550523,243.9097
0.26403022,0.13160491,0.03484873,0.049570285,0.508325,68.77729,25.91852,7.1204095,94.36081
0.2377905,0.13002229,0.026896747,0.048843585,0.44798023,65.00066,23.844141,6.732064,70.78506
0.24439496,0.13282229,0.027740547,0.04970901,0.46039826,65.52963,24.239517,6.7871685,74.04796
0.30648485,0.16431503,0.038437802,0.06030199,0.5846337,70.596794,27.878736,7.3007216,111.89897
0.48142198,0.33498108,0.10543969,0.11674705,1.0471905,75.7968,36.36692,7.4748607,397.35965
0.3052344,0.16004692,0.036299475,0.05838575,0.5765658,70.42221,27.858624,7.292522,106.4517
0.3441678,0.15039364,0.055106986,0.058822937,0.6855197,72.29094,29.269604,7.4015956,176.26155
0.43071914,0.23195907,0.07134819,0.08292343,0.78512335,74.40493,32.28947,7.5595603,239.5037
0.383799,0.20260417,0.05274534,0.08074068,0.7296094,72.84782,30.487902,7.424522,209.74745
0.46243104,0.35503042,0.09769513,0.110460095,0.9898191,75.053375,36.151993,7.4374046,340.45886
0.26392815,0.13116674,0.033423096,0.05061427,0.51582134,68.94149,25.990236,7.128533,97.5024
0.39015287,0.28139603,0.05742632,0.08805614,0.6996237,72.479744,32.2291,7.4249415,186.72075
0.30994776,0.15949215,0.035897024,0.05821709,0.576424,70.642334,28.152819,7.316149,111.56297
0.27918127,0.14829585,0.032431588,0.054444753,0.52893746,68.37244,26.321419,7.0838027,89.76143
0.5329424,0.4443779,0.12095784,0.14621873,1.1541352,75.014015,39.177334,7.3773465,423.53424
0.29080126,0.15072611,0.033067692,0.05535701,0.5400161,69.10815,27.01903,7.1587634,100.56823
0.40145078,0.26347575,0.058180466,0.08469439,0.65095454,72.368935,31.00174,7.494592,149.68869
0.3200013,0.14203207,0.04792607,0.06277769,0.6788518,72.26878,28.685886,7.3675647,185.37773
0.2611119,0.1363465,0.02866512,0.05102823,0.47645667,66.590225,25.243105,6.895255,89.538475
0.5733236,0.5080634,0.15260212,0.16693878,1.496595,77.516624,43.560368,7.3924,587.6761
0.49463516,0.34213433,0.08698157,0.122027405,1.0562586,75.29969,36.531704,7.5102415,348.12082
0.25799298,0.13585147,0.03061899,0.051119246,0.4944503,67.26157,25.244299,6.963014,84.35752
0.27809253,0.14408413,0.03101776,0.053385023,0.51070905,67.99232,26.259218,7.041679,96.83469
0.3328977,0.15173137,0.05016478,0.06396283,0.6866955,72.43152,29.07047,7.388511,186.32256
0.29456374,0.15400372,0.03412032,0.05626146,0.55435,69.5409,27.242931,7.204978,99.01248
0.36109257,0.23204687,0.04962391,0.07711127,0.65936154,71.87216,30.790733,7.3923497,164.75296
0.39626306,0.2944136,0.061146837,0.09010133,0.7013266,73.0248,32.287,7.4660144,190.34189
0.9796412,0.67966163,0.23767614,0.23089641,2.0960104,78.53389,43.854248,7.512111,696.8594
0.30278966,0.15641488,0.034805443,0.057076167,0.5651732,70.11568,27.73623,7.2641296,105.26086
0.30154124,0.14621365,0.025086408,0.057427216,0.57432693,70.4195,27.437078,7.2511215,110.53831
0.2719868,0.13761252,0.03373865,0.052327666,0.5296996,69.19378,26.33571,7.157858,97.13423
0.41603142,0.2301914,0.062150586,0.07908061,0.7486441,74.01686,31.862812,7.550574,203.28563
0.20521592,0.11345803,0.022603365,0.044017192,0.38272968,62.50934,21.969519,6.469616,59.519176
0.24972667,0.13196921,0.027363384,0.049646296,0.45698947,65.71348,24.561174,6.804224,83.001
0.2768986,0.13876916,0.03683662,0.051249787,0.5311729,69.629684,26.60933,7.213708,97.13053
0.2505987,0.12903969,0.030370703,0.04953065,0.48374787,67.187096,24.98177,6.9502087,86.324
0.41139057,0.24994846,0.060366005,0.0836263,0.7222182,73.333374,31.66148,7.5164795,184.93776
0.3065496,0.13427404,0.036802508,0.05359307,0.6091269,71.02104,27.808292,7.2994175,131.47276
0.147156,0.08311967,0.004929313,0.025737507,0.16880493,63.880253,20.270947,6.599239,28.423773
0.23447102,0.12642848,0.025782654,0.04210964,0.38235623,67.15332,24.261915,6.981586,59.86034
0.29104888,0.15453999,0.034360114,0.056296427,0.55648476,69.41767,27.030905,7.1935053,93.163246
0.17836782,0.08986344,0.026040109,0.031535044,0.28907585,62.601414,20.984316,6.505368,48.80805
0.25282416,0.13521765,0.028417,0.050525423,0.4711638,66.112724,24.745068,6.8471174,80.60384
0.3673657,0.1766232,0.056066807,0.06859656,0.71064705,72.65145,29.997557,7.4250135,192.69121
0.30452102,0.15729177,0.035075206,0.05733797,0.569045,70.2655,27.839764,7.279834,105.82628
0.26750773,0.14063528,0.031886287,0.05252024,0.51358557,67.99815,25.794794,7.04052,87.72869
0.353189,0.21044976,0.048641145,0.071776584,0.61236995,72.10517,29.667799,7.450472,140.66872
1.8249731,1.294396,0.43720713,0.4125615,3.8313253,83.49952,52.0438,7.6895876,1119.079
0.23168832,0.11533301,0.036262553,0.04054231,0.4159962,65.85773,23.831348,6.845628,73.01639
0.2888414,0.1472633,0.04061652,0.051362608,0.5292179,69.484375,26.830051,7.2201633,93.726456
0.2914899,0.14986444,0.040434256,0.05424896,0.5524925,69.94516,27.150494,7.2586308,100.138336
0.46533865,0.29110348,0.058976904,0.109629035,0.9094616,74.4258,34.156532,7.5420775,259.05154
0.26041967,0.13798314,0.029232869,0.051409524,0.48348358,66.68555,25.200132,6.906485,85.27904
0.3124492,0.16729921,0.033763576,0.058827274,0.56927454,70.295586,28.38777,7.2790904,112.87388
0.32150555,0.1706351,0.041267887,0.063356675,0.59902966,71.51112,28.710161,7.379556,135.68237
0.29164463,0.15493245,0.034586597,0.056423463,0.5592156,69.51883,27.07582,7.2040024,93.07638
0.27502066,0.14633933,0.031834546,0.05385247,0.52028334,68.02416,26.072496,7.047392,88.09676
0.39640936,0.2140599,0.05983507,0.07577763,0.72388494,73.24667,31.048872,7.4969535,190.71916
0.3662731,0.18823132,0.055171147,0.072149,0.7088679,72.91358,30.15596,7.4493523,190.76793
0.2916127,0.13435428,0.038735032,0.049191955,0.5559724,70.0664,27.07446,7.2462173,106.46322
0.43745095,0.2534411,0.053536706,0.0980186,0.7957808,73.59609,32.248375,7.5174947,221.40483
0.34918126,0.1771725,0.04389964,0.075827874,0.6942657,72.2005,29.35466,7.3579288,195.2671
0.4140735,0.3547545,0.080347866,0.1068214,0.85197717,74.471825,36.31429,7.42669,299.64798
0.29492557,0.14279859,0.04159127,0.050942928,0.5555574,69.98115,27.184828,7.2566,102.55575
0.47497475,0.31162667,0.063079976,0.116117,0.97350216,74.76284,35.122025,7.53133,285.48056
0.25219265,0.132777,0.027597627,0.049911287,0.46060032,65.89242,24.708988,6.822704,84.70192
0.2757028,0.14494918,0.03823175,0.049446315,0.49058732,68.84304,26.20134,7.163227,83.03537
0.2731195,0.1371892,0.03818984,0.04930399,0.51391524,69.144485,26.3004,7.174132,91.97077
0.17501776,0.087216996,0.026898062,0.030924736,0.28608772,62.204266,20.751818,6.4642196,49.17155
0.23694782,0.12524939,0.025288077,0.04765337,0.42734325,64.58829,23.797205,6.686131,79.33032
1.5131134,1.0982919,0.36797914,0.35250804,3.2941725,82.15089,51.080303,7.6442657,993.81696
0.30656812,0.1632163,0.037876982,0.059815392,0.58263224,70.57204,27.898224,7.300663,110.98035
0.23015346,0.12631921,0.025762832,0.047729075,0.43161282,64.35266,23.387325,6.664245,67.95628
0.28772333,0.15268534,0.033784065,0.05575189,0.54831266,69.11658,26.832174,7.1618395,92.42295
0.43178135,0.24753226,0.057811413,0.094839856,0.78287023,73.61849,32.03749,7.4991193,231.2828
0.32327747,0.16926798,0.046613645,0.06714003,0.6407122,71.59662,28.603893,7.3514547,157.64948
0.56022257,0.4812835,0.13586314,0.16069712,1.4192165,76.99296,42.319904,7.415871,534.0337
0.27072033,0.13554846,0.03669167,0.049836405,0.5157954,69.122284,26.233341,7.1638255,93.984375
0.24495566,0.13909665,0.025095964,0.04700092,0.39413482,67.2242,24.581308,6.99316,62.315815
0.29211503,0.1508684,0.04259602,0.052790776,0.54216564,69.70588,27.060936,7.247687,95.32357
0.16286045,0.09412556,0.016494537,0.038097676,0.29490325,58.9145,19.414085,6.0945053,41.60271
0.23578376,0.12710392,0.02593754,0.048075017,0.43528578,64.67845,23.725653,6.697105,73.98988
0.29190904,0.1296348,0.03781982,0.048352078,0.5633642,70.23786,27.12602,7.251907,110.50099
0.3976942,0.30740428,0.06085317,0.09419721,0.73041165,73.01238,33.065094,7.428532,209.75348
0.40632716,0.29687604,0.06226097,0.0926319,0.6995314,72.77483,32.093544,7.464438,184.01262
0.41496965,0.24907465,0.061440468,0.08344688,0.71722007,73.20855,31.595905,7.523274,180.2378
0.31428704,0.16249803,0.037314706,0.059623692,0.5827493,70.93753,28.377522,7.33944,119.52728
0.58365947,0.52668715,0.16266285,0.1662758,1.4318826,77.3608,42.25372,7.32894,599.64075
0.26088676,0.14260976,0.013801457,0.04693538,0.42855477,66.42347,25.63511,6.9114947,58.342037
0.41689825,0.21696621,0.06658548,0.07841561,0.76183933,73.54613,31.605513,7.511171,216.30513
0.23674767,0.12851813,0.026402494,0.04844722,0.44143674,64.83419,23.782558,6.7140064,72.42529
0.24247038,0.12552701,0.029151378,0.048426542,0.46662745,66.465454,24.480818,6.875197,82.59315
0.406553,0.34249502,0.072518915,0.10135655,0.8047347,74.064095,35.397865,7.429843,266.84747
0.31813425,0.16930784,0.040679112,0.0627116,0.59596604,71.30831,28.522354,7.361902,130.4289
0.27656937,0.12591264,0.03215926,0.046683796,0.5172806,69.47534,26.345589,7.173066,100.243546
0.4924982,0.36669442,0.1143124,0.12439894,1.0998465,76.028275,37.36856,7.442939,431.18076
0.23054148,0.12284002,0.024573864,0.04688888,0.41662067,64.09914,23.413446,6.6353807,75.5429
0.3933638,0.28317973,0.05952332,0.08742886,0.6834103,72.864334,31.90218,7.4731345,178.83157
0.41958076,0.23001537,0.063657984,0.07790438,0.7389654,73.51475,31.711725,7.5285234,194.68771
0.23519517,0.117873885,0.029133545,0.046709884,0.4573786,66.54523,24.27332,6.8771753,85.93765
0.26792744,0.14155057,0.03276257,0.04897196,0.46725348,68.46563,25.770876,7.113227,80.25285
0.71814835,0.5170852,0.16743852,0.18314244,1.5821577,76.81903,41.353275,7.439513,558.6687
0.27363285,0.14436676,0.031186732,0.05333212,0.51170135,67.80489,25.990515,7.0236173,90.22041
0.4536512,0.36426482,0.0913047,0.11212853,0.9425486,74.40766,35.69033,7.4162273,312.22324
0.23862287,0.124303974,0.030007428,0.041663326,0.40394825,67.257416,24.46545,6.9924607,65.30208
0.23637095,0.11715301,0.029602477,0.046671074,0.4615107,66.84739,24.41143,6.906863,88.29897
0.36768422,0.18571559,0.05546449,0.07035258,0.70695657,72.875786,30.15219,7.447748,188.64275
0.27782586,0.14000195,0.03962889,0.04938426,0.51839393,69.36989,26.514061,7.2037773,91.38598
0.34757835,0.16571666,0.052408546,0.06647111,0.6949957,72.61389,29.522614,7.413143,187.0984
0.52205515,0.39823562,0.1216566,0.13516729,1.2179574,76.38617,39.123608,7.4613547,459.54257
0.25095594,0.12776564,0.036108408,0.04350497,0.44412702,67.53232,24.986961,7.023178,74.95766
0.40851176,0.2968033,0.06287612,0.09292358,0.71224356,72.91936,32.24327,7.4662676,190.30476
0.30584016,0.1620694,0.037312366,0.059293993,0.5803913,70.5056,27.86896,7.2964745,109.048676
0.22902969,0.11255357,0.031048601,0.043797337,0.43743175,66.26405,23.951618,6.856548,83.22203
0.4138211,0.23389077,0.062430978,0.08046483,0.73600596,73.509476,31.62482,7.5295057,193.48799
0.23772007,0.11946565,0.03631998,0.041232746,0.42230624,66.3707,24.183163,6.902055,72.62032
0.3356801,0.19071613,0.04506835,0.068381704,0.6251102,71.80345,29.48824,7.394488,151.5404
0.2629108,0.13976473,0.029797701,0.051913355,0.49129766,66.941734,25.348688,6.933661,85.037605
0.25407162,0.13680294,0.028935464,0.050947223,0.47806752,66.29514,24.818905,6.8668327,79.07592
0.31677875,0.16496933,0.03850764,0.06076236,0.5877494,71.12664,28.49677,7.35314,124.79096
0.53083485,0.4567322,0.14245126,0.14826505,1.300267,76.92439,40.747013,7.371546,539.3584
0.26606092,0.14247835,0.031081656,0.052722443,0.5072129,67.47248,25.573776,6.989334,83.405914
0.4120765,0.21698087,0.06343007,0.08024066,0.75747514,73.4276,31.435492,7.493685,216.8923
0.20787682,0.11410439,0.021975012,0.0441325,0.37777224,62.35207,22.055937,6.4539704,62.573345
0.31522852,0.16158591,0.036338937,0.058910407,0.5803993,70.88533,28.46602,7.3383713,118.40107
0.4566785,0.25728515,0.0700327,0.09290213,0.80807936,74.2762,32.890068,7.560983,245.43991
0.3389337,0.1951276,0.045778073,0.06926363,0.62706053,71.8418,29.598066,7.3993335,152.02231
0.26850197,0.13892609,0.029421212,0.051861264,0.48796442,67.1389,25.685951,6.9520392,94.312706
0.31022394,0.12524474,0.045568474,0.050669983,0.6350134,71.46926,28.083458,7.3355045,147.00858
0.31358606,0.13109358,0.04757267,0.05924285,0.6736264,72.14237,28.446508,7.354786,182.93431
0.8009612,0.6362451,0.20977387,0.20815253,1.921155,78.835655,44.41974,7.4495735,695.7056
0.4450989,0.2518686,0.07931955,0.09308668,0.85436946,74.8872,33.2065,7.542407,289.68973
0.30108824,0.14669962,0.04493301,0.052422628,0.5716987,70.21495,27.47205,7.282682,108.05002
0.23995753,0.1257349,0.029110497,0.041930765,0.4033893,67.48681,24.578125,7.016094,64.49814
0.45446834,0.38170204,0.09956384,0.12446416,0.9849105,74.46294,37.228077,7.376871,361.16687
0.5144047,0.3825168,0.11243592,0.13140465,1.1731594,76.0951,38.40593,7.474694,429.52924
0.24173771,0.12666394,0.02569058,0.048130337,0.43369088,64.92379,24.08444,6.720667,82.94728
0.31997404,0.17356749,0.04279802,0.06463378,0.604128,71.512024,28.578453,7.3730826,136.57166
0.30079055,0.15163265,0.021036172,0.059483852,0.5643266,70.23653,27.343391,7.2350707,105.014114
0.20356205,0.1039099,0.028220864,0.035747115,0.33875164,64.48129,22.421019,6.702227,56.32429
0.27586296,0.14610471,0.037755612,0.049886774,0.48886427,68.80075,26.185215,7.1592197,82.657364
0.45833454,0.2906604,0.09017506,0.102024466,0.92411494,75.16042,34.49753,7.5066085,328.32706
0.3020745,0.14701678,0.042454105,0.060142618,0.61208546,71.03789,27.801311,7.3012257,144.22034
0.24734677,0.13070819,0.02915114,0.04958547,0.47275737,66.40371,24.617153,6.8730826,80.27516
0.15652019,0.072659574,0.02160128,0.03301862,0.29913977,61.248405,19.963076,6.3198133,63.67983
0.44733658,0.32737643,0.085391,0.10390819,0.91773707,74.59174,34.92855,7.4557533,297.05566
0.2505267,0.12580244,0.03112317,0.049002953,0.4879156,67.69667,25.1486,6.9986887,91.04332
0.27975324,0.14801028,0.03232518,0.054390576,0.52773434,68.377,26.356077,7.0839224,91.11576
0.31714976,0.16492462,0.038475465,0.060748626,0.5877364,71.14394,28.519943,7.3549995,125.19247
0.32328233,0.18060581,0.044876277,0.06776035,0.6167586,71.343124,28.555206,7.3530335,139.67969
0.24011111,0.124895304,0.025095152,0.047645617,0.42593935,64.710686,23.988499,6.697815,84.26037
0.46965614,0.2889216,0.06986022,0.10698219,0.9190713,74.694565,34.34533,7.5451922,280.8543
0.21820322,0.11075289,0.031433932,0.038109727,0.3737512,65.32429,23.185661,6.79125,63.002422
0.247348,0.12892182,0.029576713,0.04929698,0.47516719,66.69138,24.712679,6.900483,82.92434
0.6504229,0.55013746,0.17685573,0.17848812,1.6093302,77.9596,43.138382,7.3909273,630.43036
0.3265889,0.17965394,0.044216372,0.066223055,0.60832745,71.7477,28.84519,7.3958774,141.39255
0.4385858,0.36667618,0.08581241,0.11289803,0.8754614,73.74879,35.199337,7.4011507,287.29266
0.36158642,0.1809657,0.054511208,0.06986977,0.7042523,72.815216,29.977345,7.4386067,188.92407
0.31740192,0.12707742,0.05038511,0.05291028,0.65991646,71.84698,28.416899,7.358725,164.55565
0.27444154,0.14615273,0.03178061,0.05379098,0.5194484,67.98237,26.037779,7.0430784,87.69115
0.4345326,0.36469576,0.08314326,0.11125263,0.8516166,73.568596,34.841084,7.4031067,273.46252
0.22318166,0.11840498,0.025969023,0.046002492,0.4243652,64.557686,23.227224,6.6785903,71.940895
0.14781126,0.08117073,0.0070983483,0.03271331,0.22432135,57.284336,18.595697,5.9376836,31.659658
0.36346164,0.22449969,0.051267955,0.07537623,0.6209058,72.10548,29.903847,7.4548917,141.83705
0.3175954,0.12712683,0.050514925,0.052970655,0.66058755,71.85716,28.425884,7.3593507,165.02853
0.28316003,0.14548196,0.034690753,0.05433662,0.54913676,69.696365,26.861877,7.2143583,97.755196
0.30952537,0.15703546,0.03490621,0.057412226,0.5681943,70.48058,28.14124,7.3006377,113.124794
0.46778944,0.2836946,0.09323149,0.10128138,0.9346435,75.31303,34.59209,7.530477,334.75717
0.21719459,0.11969605,0.023723388,0.045754854,0.40237448,63.22655,22.612438,6.546174,63.845547
0.3394667,0.1478889,0.053392626,0.05882522,0.68086904,72.195465,29.11246,7.390362,174.98985
0.29250544,0.13908602,0.040029928,0.050110873,0.5525278,69.96308,27.0855,7.2468796,103.441956
0.31836867,0.13850065,0.04396918,0.05777553,0.64853793,71.61207,28.344648,7.334716,159.57031
0.16621724,0.0787398,0.025618939,0.032394662,0.30263624,61.585205,20.345684,6.3742795,60.113064
0.4720816,0.39137673,0.11164677,0.13236696,1.0908822,75.24714,38.87677,7.365927,424.1594
0.30284873,0.14277837,0.043882944,0.05782994,0.6128258,71.02247,27.802254,7.304209,142.54141
0.30550903,0.13050167,0.03832081,0.051836476,0.6101393,71.055954,27.796713,7.3045654,131.2347
0.34538305,0.20437433,0.047260933,0.071176015,0.63304055,71.909325,29.847393,7.406233,154.10683
0.33498043,0.15437335,0.05046986,0.06466594,0.6883348,72.46682,29.142666,7.3926826,186.80759
0.45890105,0.2977671,0.09164878,0.10184468,0.9270218,75.10758,34.66768,7.5006466,326.0126
0.3044817,0.14287011,0.04612538,0.05257287,0.589714,70.546234,27.666609,7.298253,119.62773
0.30440396,0.15517473,0.034357484,0.05681707,0.5599045,70.09465,27.834398,7.2606425,109.964294
0.41558525,0.33870402,0.074844226,0.103661664,0.80270946,73.64071,34.226063,7.430425,253.47855
0.28964087,0.15278135,0.03378532,0.05582785,0.5488249,69.214165,26.94754,7.171523,94.8253
0.46718234,0.30777875,0.09589586,0.10830794,0.9686314,75.422035,35.16925,7.4910383,357.9695
0.4702443,0.36543646,0.10434179,0.111567825,1.0092331,75.149445,36.578907,7.434394,353.0232
0.5482189,0.50435144,0.15485618,0.15915987,1.3639537,77.184,41.996353,7.320171,584.531
0.30754316,0.16613412,0.03933571,0.06112736,0.58816993,70.69737,27.91929,7.306877,114.847664
1.053704,0.8008388,0.265593,0.25923935,2.3914857,80.02078,46.14116,7.4991508,802.7977
0.3157771,0.12666254,0.049294792,0.052403152,0.65427923,71.76148,28.34142,7.3534684,160.58359
0.3425717,0.20132345,0.04826189,0.071861185,0.6220394,71.73271,29.211386,7.4012337,143.41168
0.27147758,0.14318591,0.030820554,0.05298438,0.50649613,67.6114,25.861702,7.003281,89.69775
0.64817876,0.56892806,0.17660668,0.1779218,1.5461782,77.578445,42.62349,7.343792,618.6359
1.8007205,1.2384682,0.4240152,0.4059683,3.698029,82.97052,50.556038,7.6588116,1094.2203
0.47139615,0.2925034,0.07191094,0.1078478,0.92922753,74.75953,34.507996,7.542189,287.5706
0.30862698,0.12483698,0.044496894,0.05017156,0.6294729,71.38523,28.009275,7.3303385,143.10468
1.1359476,0.80074525,0.27470747,0.26531267,2.4096646,79.44135,45.20708,7.528352,776.94403
0.23665877,0.12902471,0.02657617,0.048568677,0.44361824,64.86958,23.776804,6.71806,71.276665
0.30701187,0.16555084,0.040112384,0.06137636,0.5887946,70.841225,27.933552,7.3161454,119.14736
0.30671877,0.15893106,0.035694186,0.057914656,0.5747935,70.466774,27.963625,7.2995515,107.189354
0.28028047,0.14580663,0.03156747,0.05386611,0.5182529,68.229645,26.389568,7.0669374,96.30233
0.18688658,0.09149701,0.031370874,0.032758243,0.32034704,62.648117,21.304203,6.51202,56.803173
0.21571574,0.11620187,0.02255976,0.044859935,0.3872224,62.88416,22.526188,6.508575,68.93403
0.28350466,0.14833032,0.032372642,0.054571483,0.52930677,68.57824,26.581667,7.1040306,95.54747
0.2554199,0.13980608,0.028423073,0.047846567,0.42792717,67.80168,25.12471,7.0478206,70.855156
0.30940357,0.12503529,0.045017995,0.050413944,0.6321672,71.426094,28.045351,7.332851,145.00313
1.8426826,1.3061012,0.44147328,0.41568673,3.859535,83.51958,52.267494,7.6967673,1123.881
0.20292303,0.10695671,0.023571258,0.042815555,0.38532373,63.192566,22.122562,6.53292,66.63469
0.32860434,0.14546223,0.049552433,0.062079012,0.6827387,72.34695,28.911577,7.379065,184.85379
0.30239293,0.15554622,0.03451666,0.056852877,0.5614046,70.02918,27.713036,7.2546473,106.4865
0.24798058,0.13278212,0.02881766,0.04996235,0.47166735,66.170296,24.560059,6.8513403,77.89787
0.28002623,0.14748101,0.032140806,0.05426862,0.5254648,68.34849,26.372932,7.080518,92.5596
0.36528727,0.18048419,0.055157464,0.06838694,0.70353234,72.80375,30.042297,7.440693,186.83603
0.7847027,0.67460793,0.19717006,0.22140072,1.988415,78.74287,46.92151,7.4240007,701.55524
0.29803544,0.12213275,0.037389666,0.046865888,0.59272707,70.82788,27.517267,7.296076,117.213005
0.21351577,0.11717691,0.02381696,0.045165922,0.4000332,63.224934,22.473978,6.5441847,63.1329
0.2614171,0.12985319,0.032912906,0.050376344,0.51173675,68.76903,25.854792,7.109238,97.01365
0.271021,0.13867117,0.024571663,0.05017991,0.47482866,67.41288,25.963821,6.993913,85.152084
0.2811274,0.14840393,0.03243653,0.05452444,0.5295031,68.472305,26.43849,7.0937233,92.17807
0.2864076,0.14930922,0.032657903,0.054890297,0.53367835,68.79107,26.755648,7.126032,97.49275
0.19885314,0.10799015,0.020044154,0.042390414,0.35093027,61.450577,21.517555,6.3585176,62.759945
0.43685073,0.3656356,0.08458246,0.11205786,0.86482906,73.67144,35.029396,7.402429,280.85007
0.42651224,0.23657037,0.06626764,0.078413226,0.7466506,73.92313,32.05674,7.5598006,199.74464
0.20158747,0.11156445,0.021214454,0.04333932,0.36649272,61.858223,21.679327,6.4026103,59.209255
0.3756136,0.23919846,0.053930815,0.07990498,0.63467205,71.96775,30.177776,7.44673,145.03658
0.30829406,0.16182366,0.034869894,0.05822874,0.56531686,70.07412,28.081764,7.2535005,114.86056
0.43982336,0.2423287,0.06993931,0.08595227,0.78714955,74.26881,32.474365,7.5602245,234.72316
0.516589,0.4129853,0.12362792,0.1426682,1.1971571,75.697105,39.6583,7.3763485,461.8239
0.27844274,0.14787383,0.032300234,0.054321356,0.5270789,68.30478,26.277292,7.076681,89.61757
0.2947429,0.121292084,0.03518032,0.045838274,0.5813042,70.654625,27.364323,7.2854247,109.16428
0.26186323,0.13037604,0.03290122,0.050490264,0.5122318,68.755516,25.864656,7.108296,96.72917
0.32160458,0.14764911,0.040880054,0.06218358,0.6487942,71.56954,28.407728,7.3249774,162.00873
0.19223367,0.10628674,0.019573351,0.04179273,0.34324288,61.00656,21.120405,6.3130054,57.25121
0.24623597,0.1328744,0.02772816,0.049772143,0.46071717,65.62019,24.350307,6.796112,76.43577
0.20790266,0.1149229,0.022934103,0.044431202,0.38797924,62.698975,22.118872,6.4897532,60.302036
